TIPUS_VIA,CARRER,CODI_ENS,NOM_ENS
CARRER,ABAT ARMENGOL,"820550006",Ajuntament de Sant Cugat del Vallès
CARRER,ABAT BIURE,"820550006",Ajuntament de Sant Cugat del Vallès
PLAÇA,ABAT DONADEU,"820550006",Ajuntament de Sant Cugat del Vallès
CARRER,ABAT ESCARRE,"820550006",Ajuntament de Sant Cugat del Vallès
CARRER,ABAT GUILLEM D'AVINYO,"820550006",Ajuntament de Sant Cugat del Vallès
CARRER,ABAT GUITART,"820550006",Ajuntament de Sant Cugat del Vallès
CARRER,ABAT MARCET,"820550006",Ajuntament de Sant Cugat del Vallès
CARRER,ABAT ODO,"820550006",Ajuntament de Sant Cugat del Vallès
CARRER,ABAT TEODOR,"820550006",Ajuntament de Sant Cugat del Vallès
PLAÇA,ABATS,"820550006",Ajuntament de Sant Cugat del Vallès
CARRER,ABELLA,"820550006",Ajuntament de Sant Cugat del Vallès
CARRER,ABELLES,"820550006",Ajuntament de Sant Cugat del Vallès
PASSEIG,ACACIES,"820550006",Ajuntament de Sant Cugat del Vallès
PASSATGE,ADRIA,"820550006",Ajuntament de Sant Cugat del Vallès
CARRER,ADRIA GUAL,"820550006",Ajuntament de Sant Cugat del Vallès
CARRER,ADRIA PARDOS,"820550006",Ajuntament de Sant Cugat del Vallès
CARRER,ADVOCATS,"820550006",Ajuntament de Sant Cugat del Vallès
PASSATGE,AGRO,"820550006",Ajuntament de Sant Cugat del Vallès
CARRER,AGUILA,"820550006",Ajuntament de Sant Cugat del Vallès
PLAÇA,AIGUALLONGA,"820550006",Ajuntament de Sant Cugat del Vallès
PASSATGE,AIGUES DE SABADELL,"820550006",Ajuntament de Sant Cugat del Vallès
CARRER,AIGUES DE SABADELL,"820550006",Ajuntament de Sant Cugat del Vallès
CARRER,AILANT,"820550006",Ajuntament de Sant Cugat del Vallès
PLAÇA,AIXADES,"820550006",Ajuntament de Sant Cugat del Vallès
CARRER,ALACANT,"820550006",Ajuntament de Sant Cugat del Vallès
CARRER,ALADERN,"820550006",Ajuntament de Sant Cugat del Vallès
BAIXADA,ALBA,"820550006",Ajuntament de Sant Cugat del Vallès
CARRER,ALBACETE,"820550006",Ajuntament de Sant Cugat del Vallès
CARRER,ALBERCOC,"820550006",Ajuntament de Sant Cugat del Vallès
PASSATGE,ALBERS,"820550006",Ajuntament de Sant Cugat del Vallès
PASSEIG,ALBERS,"820550006",Ajuntament de Sant Cugat del Vallès
CARRER,ALBERT ROSAS,"820550006",Ajuntament de Sant Cugat del Vallès
AVINGUDA,ALCALDE BARNILS,"820550006",Ajuntament de Sant Cugat del Vallès
PLAÇA,ALCALDE MAGI BARTRALOT,"820550006",Ajuntament de Sant Cugat del Vallès
PASSATGE,ALEGRIA,"820550006",Ajuntament de Sant Cugat del Vallès
CARRER,ALELLA,"820550006",Ajuntament de Sant Cugat del Vallès
CARRER,ALEXANDRE EL GRAN,"820550006",Ajuntament de Sant Cugat del Vallès
CARRER,ALFONS D'ARAGO,"820550006",Ajuntament de Sant Cugat del Vallès
CARRER,ALFONS EL MAGNANIM,"820550006",Ajuntament de Sant Cugat del Vallès
CARRER,ALPS,"820550006",Ajuntament de Sant Cugat del Vallès
CARRER,ALTEA,"820550006",Ajuntament de Sant Cugat del Vallès
PASSATGE,ALVAREZ,"820550006",Ajuntament de Sant Cugat del Vallès
CARRER,ALVAREZ,"820550006",Ajuntament de Sant Cugat del Vallès
PASSEIG,ALZINA,"820550006",Ajuntament de Sant Cugat del Vallès
CARRER,AMAT,"820550006",Ajuntament de Sant Cugat del Vallès
PASSEIG,AMETLLER,"820550006",Ajuntament de Sant Cugat del Vallès
PASSATGE,AMISTAT,"820550006",Ajuntament de Sant Cugat del Vallès
CARRER,AMPOSTA,"820550006",Ajuntament de Sant Cugat del Vallès
CARRER,ANDALUSIA,"820550006",Ajuntament de Sant Cugat del Vallès
CARRER,ANDANA,"820550006",Ajuntament de Sant Cugat del Vallès
CARRER,ANDES,"820550006",Ajuntament de Sant Cugat del Vallès
CARRER,ANGEL GUIMERA,"820550006",Ajuntament de Sant Cugat del Vallès
JARDINS,ANNA MURIA,"820550006",Ajuntament de Sant Cugat del Vallès
CARRER,ANOIA,"820550006",Ajuntament de Sant Cugat del Vallès
CARRER,ANTIC DE CAN BORRULL,"820550006",Ajuntament de Sant Cugat del Vallès
CARRER,ANTONI AGRAZ,"820550006",Ajuntament de Sant Cugat del Vallès
CARRER,ANTONI BELL,"820550006",Ajuntament de Sant Cugat del Vallès
CARRER,ANTONI CABALLE,"820550006",Ajuntament de Sant Cugat del Vallès
CARRER,ANTONI DE SOLANELL,"820550006",Ajuntament de Sant Cugat del Vallès
PASSEIG,ANTONI GAUDI,"820550006",Ajuntament de Sant Cugat del Vallès
CARRER,ANTONI PUIGVERT,"820550006",Ajuntament de Sant Cugat del Vallès
PLAÇA,ANYADA,"820550006",Ajuntament de Sant Cugat del Vallès
AUTOPISTA,AP-7,"820550006",Ajuntament de Sant Cugat del Vallès
CARRER,APENINS,"820550006",Ajuntament de Sant Cugat del Vallès
CARRER,ARAGO,"820550006",Ajuntament de Sant Cugat del Vallès
PARC,ARBORETUM,"820550006",Ajuntament de Sant Cugat del Vallès
PASSEIG,ARBRE,"820550006",Ajuntament de Sant Cugat del Vallès
PLAÇA,ARBRES,"820550006",Ajuntament de Sant Cugat del Vallès
CARRER,ARBUCIES,"820550006",Ajuntament de Sant Cugat del Vallès
CARRER,ARBUSTOS,"820550006",Ajuntament de Sant Cugat del Vallès
CARRER,ARGENTINA,"820550006",Ajuntament de Sant Cugat del Vallès
CARRER,ARIBAU,"820550006",Ajuntament de Sant Cugat del Vallès
CARRER,ARISTIDES MAILLOL,"820550006",Ajuntament de Sant Cugat del Vallès
CARRER,ARNAU CADELL,"820550006",Ajuntament de Sant Cugat del Vallès
CARRER,ARNAU DE VILANOVA,"820550006",Ajuntament de Sant Cugat del Vallès
PLAÇA,ARREUS,"820550006",Ajuntament de Sant Cugat del Vallès
CARRER,ART,"820550006",Ajuntament de Sant Cugat del Vallès
CAMI,ASPANIAS,"820550006",Ajuntament de Sant Cugat del Vallès
CARRER,ASSUTZENA,"820550006",Ajuntament de Sant Cugat del Vallès
CARRER,ASTURIES,"820550006",Ajuntament de Sant Cugat del Vallès
CARRER,ASUNCION,"820550006",Ajuntament de Sant Cugat del Vallès
PLAÇA,AUGUSTA,"820550006",Ajuntament de Sant Cugat del Vallès
CARRER,AULADELL,"820550006",Ajuntament de Sant Cugat del Vallès
CARRER,AURELI CAPMANY,"820550006",Ajuntament de Sant Cugat del Vallès
CARRER,AURO,"820550006",Ajuntament de Sant Cugat del Vallès
PLAÇA,AUSIAS MARCH,"820550006",Ajuntament de Sant Cugat del Vallès
CARRER,AVEL.LINA CASADEVALL,"820550006",Ajuntament de Sant Cugat del Vallès
PASSEIG,AVELLANERS,"820550006",Ajuntament de Sant Cugat del Vallès
CARRER,AVET,"820550006",Ajuntament de Sant Cugat del Vallès
CARRER,AVILA,"820550006",Ajuntament de Sant Cugat del Vallès
CARRER,AYMERICH,"820550006",Ajuntament de Sant Cugat del Vallès
PLAÇA,BACH,"820550006",Ajuntament de Sant Cugat del Vallès
CARRER,BAGES,"820550006",Ajuntament de Sant Cugat del Vallès
PASSEIG,BAIXADOR,"820550006",Ajuntament de Sant Cugat del Vallès
RAMBLA,BAIXADOR,"820550006",Ajuntament de Sant Cugat del Vallès
AVINGUDA,BAIXADOR,"820550006",Ajuntament de Sant Cugat del Vallès
CARRER,BALADRE,"820550006",Ajuntament de Sant Cugat del Vallès
PASSATGE,BALAGUER,"820550006",Ajuntament de Sant Cugat del Vallès
CARRER,BALMES,"820550006",Ajuntament de Sant Cugat del Vallès
CARRER,BAMBU,"820550006",Ajuntament de Sant Cugat del Vallès
CARRER,BARCELONA,"820550006",Ajuntament de Sant Cugat del Vallès
PLAÇA,BARCELONA,"820550006",Ajuntament de Sant Cugat del Vallès
CARRER,BARCELONETA,"820550006",Ajuntament de Sant Cugat del Vallès
CARRER,BARDISSA,"820550006",Ajuntament de Sant Cugat del Vallès
PASSATGE,BARNADES,"820550006",Ajuntament de Sant Cugat del Vallès
PASSATGE,BARO DE COUBERTIN,"820550006",Ajuntament de Sant Cugat del Vallès
CARRER,BASCONIA,"820550006",Ajuntament de Sant Cugat del Vallès
PLAÇA,BASTERS,"820550006",Ajuntament de Sant Cugat del Vallès
PASSATGE,BATLLORI,"820550006",Ajuntament de Sant Cugat del Vallès
PLAÇA,BATUDA,"820550006",Ajuntament de Sant Cugat del Vallès
PASSATGE,BAULA,"820550006",Ajuntament de Sant Cugat del Vallès
CARRER,BECADA,"820550006",Ajuntament de Sant Cugat del Vallès
CARRER,BEETHOVEN,"820550006",Ajuntament de Sant Cugat del Vallès
AVINGUDA,BELL INDRET,"820550006",Ajuntament de Sant Cugat del Vallès
CARRER,BELLATERRA,"820550006",Ajuntament de Sant Cugat del Vallès
CARRER,BENET CORTADA,"820550006",Ajuntament de Sant Cugat del Vallès
CARRER,BENET DE MOXO,"820550006",Ajuntament de Sant Cugat del Vallès
CARRER,BERGA,"820550006",Ajuntament de Sant Cugat del Vallès
CARRER,BERGARA,"820550006",Ajuntament de Sant Cugat del Vallès
CARRER,BERNAT DESCLOT,"820550006",Ajuntament de Sant Cugat del Vallès
CARRER,BERNAT METGE,"820550006",Ajuntament de Sant Cugat del Vallès
CARRER,BESOS,"820550006",Ajuntament de Sant Cugat del Vallès
AVINGUDA,BILBAO,"820550006",Ajuntament de Sant Cugat del Vallès
CARRER,BISBE MORGADES,"820550006",Ajuntament de Sant Cugat del Vallès
CARRER,BLASCO IBAÑEZ,"820550006",Ajuntament de Sant Cugat del Vallès
PLAÇA,BLAT,"820550006",Ajuntament de Sant Cugat del Vallès
PASSATGE,BOBILES,"820550006",Ajuntament de Sant Cugat del Vallès
CARRER,BOBINES,"820550006",Ajuntament de Sant Cugat del Vallès
CARRER,BOLIVAR,"820550006",Ajuntament de Sant Cugat del Vallès
CARRER,BOLIVIA,"820550006",Ajuntament de Sant Cugat del Vallès
CARRER,BONA VISTA,"820550006",Ajuntament de Sant Cugat del Vallès
CARRER,BONAVENTURA DE GAYOLA,"820550006",Ajuntament de Sant Cugat del Vallès
PASSATGE,BONFILL,"820550006",Ajuntament de Sant Cugat del Vallès
CARRER,BORRELL,"820550006",Ajuntament de Sant Cugat del Vallès
PASSEIG,BOSC,"820550006",Ajuntament de Sant Cugat del Vallès
CARRER,BOSC GRAN,"820550006",Ajuntament de Sant Cugat del Vallès
PLAÇA,BOTERS,"820550006",Ajuntament de Sant Cugat del Vallès
CARRER,BRASIL,"820550006",Ajuntament de Sant Cugat del Vallès
CARRER,BRILLANT,"820550006",Ajuntament de Sant Cugat del Vallès
CARRER,BROLLADOR,"820550006",Ajuntament de Sant Cugat del Vallès
PASSATGE,BROS,"820550006",Ajuntament de Sant Cugat del Vallès
CARRER,BRUC,"820550006",Ajuntament de Sant Cugat del Vallès
CARRER,BUENOS AIRES,"820550006",Ajuntament de Sant Cugat del Vallès
CARRER,BURGOS,"820550006",Ajuntament de Sant Cugat del Vallès
CARRER,BUSCARONS,"820550006",Ajuntament de Sant Cugat del Vallès
CAMI,CA N'AMETLLER,"820550006",Ajuntament de Sant Cugat del Vallès
AVINGUDA,CA N'ENRIC,"820550006",Ajuntament de Sant Cugat del Vallès
CARRER,CABRERA,"820550006",Ajuntament de Sant Cugat del Vallès
PASSEIG,CAÇADORS,"820550006",Ajuntament de Sant Cugat del Vallès
PASSEIG,CADERNERA,"820550006",Ajuntament de Sant Cugat del Vallès
CARRER,CADI,"820550006",Ajuntament de Sant Cugat del Vallès
CARRER,CADIS,"820550006",Ajuntament de Sant Cugat del Vallès
PASSEIG,CALADO,"820550006",Ajuntament de Sant Cugat del Vallès
CARRER,CALANDRIA,"820550006",Ajuntament de Sant Cugat del Vallès
CARRER,CALDES DE MONTBUI,"820550006",Ajuntament de Sant Cugat del Vallès
CARRER,CALDES I ARUS,"820550006",Ajuntament de Sant Cugat del Vallès
CARRER,CALVARI,"820550006",Ajuntament de Sant Cugat del Vallès
PASSEIG,CAMELIES,"820550006",Ajuntament de Sant Cugat del Vallès
CARRER,CAMPANYA,"820550006",Ajuntament de Sant Cugat del Vallès
CARRER,CAMPOAMOR,"820550006",Ajuntament de Sant Cugat del Vallès
CAMI,CAN BADAL,"820550006",Ajuntament de Sant Cugat del Vallès
CAMI,CAN BARATA,"820550006",Ajuntament de Sant Cugat del Vallès
CARRER,CAN BARATA,"820550006",Ajuntament de Sant Cugat del Vallès
CAMI,CAN BARBA,"820550006",Ajuntament de Sant Cugat del Vallès
RAMBLA,CAN BELL,"820550006",Ajuntament de Sant Cugat del Vallès
AVINGUDA,CAN BELLET,"820550006",Ajuntament de Sant Cugat del Vallès
PASSATGE,CAN BORD,"820550006",Ajuntament de Sant Cugat del Vallès
CAMI,CAN BORRELL,"820550006",Ajuntament de Sant Cugat del Vallès
AVINGUDA,CAN BORRULL,"820550006",Ajuntament de Sant Cugat del Vallès
CAMI,CAN BOVA,"820550006",Ajuntament de Sant Cugat del Vallès
PASSATGE,CAN BROU,"820550006",Ajuntament de Sant Cugat del Vallès
DRECERA,CAN BUSQUETS,"820550006",Ajuntament de Sant Cugat del Vallès
AVINGUDA,CAN BUSQUETS,"820550006",Ajuntament de Sant Cugat del Vallès
AVINGUDA,CAN CABASSA,"820550006",Ajuntament de Sant Cugat del Vallès
CAMI,CAN CADENA,"820550006",Ajuntament de Sant Cugat del Vallès
PLAÇA,CAN CADENA,"820550006",Ajuntament de Sant Cugat del Vallès
CAMI,CAN CALDERS,"820550006",Ajuntament de Sant Cugat del Vallès
CARRER,CAN CALOPA,"820550006",Ajuntament de Sant Cugat del Vallès
CAMI,CAN CAMPDERROS,"820550006",Ajuntament de Sant Cugat del Vallès
CAMI,CAN CAMPS,"820550006",Ajuntament de Sant Cugat del Vallès
AVINGUDA,CAN CANYAMERES,"820550006",Ajuntament de Sant Cugat del Vallès
CAMI,CAN CASES,"820550006",Ajuntament de Sant Cugat del Vallès
CAMI,CAN CODONYERS,"820550006",Ajuntament de Sant Cugat del Vallès
AVINGUDA,CAN CORTES,"820550006",Ajuntament de Sant Cugat del Vallès
CAMI,CAN CUSO,"820550006",Ajuntament de Sant Cugat del Vallès
AVINGUDA,CAN DELAIRE,"820550006",Ajuntament de Sant Cugat del Vallès
CAMI,CAN FATJO DELS AURONS,"820550006",Ajuntament de Sant Cugat del Vallès
AVINGUDA,CAN FATJO DELS AURONS,"820550006",Ajuntament de Sant Cugat del Vallès
CAMI,CAN FLO,"820550006",Ajuntament de Sant Cugat del Vallès
AVINGUDA,CAN FONTANALS,"820550006",Ajuntament de Sant Cugat del Vallès
CAMI,CAN GATXET,"820550006",Ajuntament de Sant Cugat del Vallès
PARC,CAN GATXET,"820550006",Ajuntament de Sant Cugat del Vallès
CAMI,CAN GORDI,"820550006",Ajuntament de Sant Cugat del Vallès
CAMI,CAN GRAELLS,"820550006",Ajuntament de Sant Cugat del Vallès
CAMI,CAN JANE,"820550006",Ajuntament de Sant Cugat del Vallès
CAMI,CAN LLOBET,"820550006",Ajuntament de Sant Cugat del Vallès
CARRER,CAN LLOBET,"820550006",Ajuntament de Sant Cugat del Vallès
AVINGUDA,CAN MAGI,"820550006",Ajuntament de Sant Cugat del Vallès
CAMI,CAN MAJO,"820550006",Ajuntament de Sant Cugat del Vallès
CAMI,CAN MARCET,"820550006",Ajuntament de Sant Cugat del Vallès
CARRER,CAN MATES,"820550006",Ajuntament de Sant Cugat del Vallès
CAMI,CAN MENTA,"820550006",Ajuntament de Sant Cugat del Vallès
CAMI,CAN MINGUET,"820550006",Ajuntament de Sant Cugat del Vallès
AVINGUDA,CAN MONTMANY,"820550006",Ajuntament de Sant Cugat del Vallès
PASSEIG,CAN MORA,"820550006",Ajuntament de Sant Cugat del Vallès
RAMBLA,CAN MORA,"820550006",Ajuntament de Sant Cugat del Vallès
CAMI,CAN PAGAN,"820550006",Ajuntament de Sant Cugat del Vallès
AVINGUDA,CAN PICANYOL,"820550006",Ajuntament de Sant Cugat del Vallès
CAMI,CAN PUIG,"820550006",Ajuntament de Sant Cugat del Vallès
PLAÇA,CAN QUITERIA,"820550006",Ajuntament de Sant Cugat del Vallès
CARRER,CAN REVELLA,"820550006",Ajuntament de Sant Cugat del Vallès
PONT,CAN REVELLA,"820550006",Ajuntament de Sant Cugat del Vallès
CAMI,CAN ROCA,"820550006",Ajuntament de Sant Cugat del Vallès
PLAÇA,CAN SANT JOAN,"820550006",Ajuntament de Sant Cugat del Vallès
CARRER,CAN SOLA,"820550006",Ajuntament de Sant Cugat del Vallès
AVINGUDA,CAN TRABAL,"820550006",Ajuntament de Sant Cugat del Vallès
PARC,CAN VERNET,"820550006",Ajuntament de Sant Cugat del Vallès
CAMI,CAN VERNET,"820550006",Ajuntament de Sant Cugat del Vallès
AVINGUDA,CAN VILALLONGA,"820550006",Ajuntament de Sant Cugat del Vallès
AVINGUDA,CAN VOLPELLERES,"820550006",Ajuntament de Sant Cugat del Vallès
AVINGUDA,CANADA,"820550006",Ajuntament de Sant Cugat del Vallès
CARRER,CANAL DE LA MANEGA,"820550006",Ajuntament de Sant Cugat del Vallès
CARRER,CANAL DE SUEZ,"820550006",Ajuntament de Sant Cugat del Vallès
CARRER,CANARI,"820550006",Ajuntament de Sant Cugat del Vallès
CARRER,CANEM,"820550006",Ajuntament de Sant Cugat del Vallès
CARRER,CANIGO,"820550006",Ajuntament de Sant Cugat del Vallès
CARRER,CAP DE CREUS,"820550006",Ajuntament de Sant Cugat del Vallès
CAMI,CAPELLA,"820550006",Ajuntament de Sant Cugat del Vallès
PASSEIG,CAPELLA,"820550006",Ajuntament de Sant Cugat del Vallès
CARRER,CAPELLA DE SANT JOAN,"820550006",Ajuntament de Sant Cugat del Vallès
PASSATGE,CAQUI,"820550006",Ajuntament de Sant Cugat del Vallès
PASSEIG,CAQUI,"820550006",Ajuntament de Sant Cugat del Vallès
CARRER,CARBONERES,"820550006",Ajuntament de Sant Cugat del Vallès
CARRER,CARDENAL CISNEROS,"820550006",Ajuntament de Sant Cugat del Vallès
CARRER,CARDONA,"820550006",Ajuntament de Sant Cugat del Vallès
CARRER,CARENA,"820550006",Ajuntament de Sant Cugat del Vallès
PASSEIG,CARENA,"820550006",Ajuntament de Sant Cugat del Vallès
CARRER,CARLES RIBA,"820550006",Ajuntament de Sant Cugat del Vallès
CARRER,CARLOS MELLA,"820550006",Ajuntament de Sant Cugat del Vallès
PASSATGE,CARME,"820550006",Ajuntament de Sant Cugat del Vallès
CARRER,CARME,"820550006",Ajuntament de Sant Cugat del Vallès
CARRER,CARRASCO I FORMIGUERA,"820550006",Ajuntament de Sant Cugat del Vallès
PLAÇA,CARRETERS,"820550006",Ajuntament de Sant Cugat del Vallès
AVINGUDA,CARRIL,"820550006",Ajuntament de Sant Cugat del Vallès
CAMI,CASA VASCONCEL,"820550006",Ajuntament de Sant Cugat del Vallès
CARRER,CASALOT,"820550006",Ajuntament de Sant Cugat del Vallès
CARRER,CASINO,"820550006",Ajuntament de Sant Cugat del Vallès
PASSEIG,CASTANYER,"820550006",Ajuntament de Sant Cugat del Vallès
AVINGUDA,CASTELLOT,"820550006",Ajuntament de Sant Cugat del Vallès
CARRER,CASTELLVI,"820550006",Ajuntament de Sant Cugat del Vallès
CARRER,CATALPA,"820550006",Ajuntament de Sant Cugat del Vallès
AVINGUDA,CATALUNYA,"820550006",Ajuntament de Sant Cugat del Vallès
JARDINS,CATERINA ALBERT,"820550006",Ajuntament de Sant Cugat del Vallès
CARRER,CEDRELA,"820550006",Ajuntament de Sant Cugat del Vallès
JARDINS,CEDRES,"820550006",Ajuntament de Sant Cugat del Vallès
RAMBLA,CELLER,"820550006",Ajuntament de Sant Cugat del Vallès
PLAÇA,CELLER,"820550006",Ajuntament de Sant Cugat del Vallès
DRECERA,CENTRAL,"820550006",Ajuntament de Sant Cugat del Vallès
PARC,CENTRAL,"820550006",Ajuntament de Sant Cugat del Vallès
PLAÇA,CENTRE,"820550006",Ajuntament de Sant Cugat del Vallès
CARRER,CERCIS,"820550006",Ajuntament de Sant Cugat del Vallès
PARC,CERDA,"820550006",Ajuntament de Sant Cugat del Vallès
CARRER,CERDANYA,"820550006",Ajuntament de Sant Cugat del Vallès
PLAÇA,CERDANYOLA,"820550006",Ajuntament de Sant Cugat del Vallès
AVINGUDA,CERDANYOLA,"820550006",Ajuntament de Sant Cugat del Vallès
CARRER,CERVANTES,"820550006",Ajuntament de Sant Cugat del Vallès
CARRER,CESAR MARTINELL,"820550006",Ajuntament de Sant Cugat del Vallès
PLAÇA,CHARLIE RIVEL,"820550006",Ajuntament de Sant Cugat del Vallès
CARRER,CHOPIN,"820550006",Ajuntament de Sant Cugat del Vallès
CARRER,CICLO,"820550006",Ajuntament de Sant Cugat del Vallès
PASSEIG,CIRERER,"820550006",Ajuntament de Sant Cugat del Vallès
CARRER,CIRERER D'ARBOÇ,"820550006",Ajuntament de Sant Cugat del Vallès
PLAÇA,CISTELLERS,"820550006",Ajuntament de Sant Cugat del Vallès
PLAÇA,CLARA CAMPOAMOR,"820550006",Ajuntament de Sant Cugat del Vallès
PASSATGE,CLAVELL,"820550006",Ajuntament de Sant Cugat del Vallès
PASSEIG,CLAVELL,"820550006",Ajuntament de Sant Cugat del Vallès
CARRER,CLEMENTINA ARDERIU,"820550006",Ajuntament de Sant Cugat del Vallès
AVINGUDA,CLOTA,"820550006",Ajuntament de Sant Cugat del Vallès
CARRER,COCOS,"820550006",Ajuntament de Sant Cugat del Vallès
CARRER,COGULLADA,"820550006",Ajuntament de Sant Cugat del Vallès
PASSATGE,COLIBRI,"820550006",Ajuntament de Sant Cugat del Vallès
PLAÇA,COLL,"820550006",Ajuntament de Sant Cugat del Vallès
CAMI,COLL FAVA,"820550006",Ajuntament de Sant Cugat del Vallès
PLAÇA,COLL FAVA,"820550006",Ajuntament de Sant Cugat del Vallès
PLAÇA,COLLITA,"820550006",Ajuntament de Sant Cugat del Vallès
AVINGUDA,COLLSEROLA,"820550006",Ajuntament de Sant Cugat del Vallès
CARRER,COLOM,"820550006",Ajuntament de Sant Cugat del Vallès
PLAÇA,COLOMAR,"820550006",Ajuntament de Sant Cugat del Vallès
CARRER,COLOMBIA,"820550006",Ajuntament de Sant Cugat del Vallès
CARRER,COLOMBINA,"820550006",Ajuntament de Sant Cugat del Vallès
CAMI,COLOMER,"820550006",Ajuntament de Sant Cugat del Vallès
PASSATGE,COLOMER,"820550006",Ajuntament de Sant Cugat del Vallès
CARRER,COLONIA OLLER,"820550006",Ajuntament de Sant Cugat del Vallès
CARRER,COLONIA TORRO,"820550006",Ajuntament de Sant Cugat del Vallès
CARRER,COMA,"820550006",Ajuntament de Sant Cugat del Vallès
CARRER,COMAS I SOLA,"820550006",Ajuntament de Sant Cugat del Vallès
CARRER,COMTE,"820550006",Ajuntament de Sant Cugat del Vallès
CARRER,CONCA,"820550006",Ajuntament de Sant Cugat del Vallès
CARRER,CONCEPCIO PLA,"820550006",Ajuntament de Sant Cugat del Vallès
PASSEIG,CONILL,"820550006",Ajuntament de Sant Cugat del Vallès
CARRER,CONSOLAT DE MAR,"820550006",Ajuntament de Sant Cugat del Vallès
PASSATGE,COOPERATIVA,"820550006",Ajuntament de Sant Cugat del Vallès
PLAÇA,COOPERATIVA,"820550006",Ajuntament de Sant Cugat del Vallès
CARRER,CORDOVA,"820550006",Ajuntament de Sant Cugat del Vallès
CARRER,CORSEGA,"820550006",Ajuntament de Sant Cugat del Vallès
AVINGUDA,CORTS CATALANES,"820550006",Ajuntament de Sant Cugat del Vallès
DRECERA,COSCOLL,"820550006",Ajuntament de Sant Cugat del Vallès
CARRER,COSTA,"820550006",Ajuntament de Sant Cugat del Vallès
CARRER,COSTA I LLOBERA,"820550006",Ajuntament de Sant Cugat del Vallès
CARRER,COSTA RICA,"820550006",Ajuntament de Sant Cugat del Vallès
PASSATGE,COT,"820550006",Ajuntament de Sant Cugat del Vallès
PASSATGE,CREPUSCLE,"820550006",Ajuntament de Sant Cugat del Vallès
PASSEIG,CREPUSCLE,"820550006",Ajuntament de Sant Cugat del Vallès
PASSEIG,CREU,"820550006",Ajuntament de Sant Cugat del Vallès
CAMI,CREU,"820550006",Ajuntament de Sant Cugat del Vallès
CARRER,CREU,"820550006",Ajuntament de Sant Cugat del Vallès
PLAÇA,CREU D'EN BLAU,"820550006",Ajuntament de Sant Cugat del Vallès
PLAÇA,CREU DE COLL FAVA,"820550006",Ajuntament de Sant Cugat del Vallès
PASSEIG,CRISANTEM,"820550006",Ajuntament de Sant Cugat del Vallès
CAMI,CRIST TREBALLADOR,"820550006",Ajuntament de Sant Cugat del Vallès
CARRER,CRISTOFOR COLOM,"820550006",Ajuntament de Sant Cugat del Vallès
CARRER,CUPRE,"820550006",Ajuntament de Sant Cugat del Vallès
DRECERA,CUPRE,"820550006",Ajuntament de Sant Cugat del Vallès
PASSEIG,DALIA,"820550006",Ajuntament de Sant Cugat del Vallès
PASSATGE,DALMAU,"820550006",Ajuntament de Sant Cugat del Vallès
CARRER,DALMAU,"820550006",Ajuntament de Sant Cugat del Vallès
CARRER,DANUBI,"820550006",Ajuntament de Sant Cugat del Vallès
PASSATGE,DELICIES,"820550006",Ajuntament de Sant Cugat del Vallès
PASSEIG,DESERT,"820550006",Ajuntament de Sant Cugat del Vallès
CARRER,DIAMANT,"820550006",Ajuntament de Sant Cugat del Vallès
CARRER,DINAMARCA,"820550006",Ajuntament de Sant Cugat del Vallès
PASSATGE,DIPOSIT,"820550006",Ajuntament de Sant Cugat del Vallès
CARRER,DIPOSIT,"820550006",Ajuntament de Sant Cugat del Vallès
PASSATGE,DIPUTACIO,"820550006",Ajuntament de Sant Cugat del Vallès
CARRER,DIPUTACIO,"820550006",Ajuntament de Sant Cugat del Vallès
PLAÇA,DOCTOR GALTES,"820550006",Ajuntament de Sant Cugat del Vallès
PLAÇA,DOCTOR GARRIGA,"820550006",Ajuntament de Sant Cugat del Vallès
CARRER,DOCTOR MURILLO,"820550006",Ajuntament de Sant Cugat del Vallès
PLAÇA,DOCTOR PILA,"820550006",Ajuntament de Sant Cugat del Vallès
CARRER,DOLORS BIGAS,"820550006",Ajuntament de Sant Cugat del Vallès
CARRER,DOMENEC ORISTRELL,"820550006",Ajuntament de Sant Cugat del Vallès
CARRER,DOMENECH,"820550006",Ajuntament de Sant Cugat del Vallès
PASSEIG,DOMENECH I MONTANER,"820550006",Ajuntament de Sant Cugat del Vallès
CARRER,DOMES,"820550006",Ajuntament de Sant Cugat del Vallès
PARC,DONES,"820550006",Ajuntament de Sant Cugat del Vallès
CARRER,DOS DE MAIG,"820550006",Ajuntament de Sant Cugat del Vallès
CARRER,DRASSANES,"820550006",Ajuntament de Sant Cugat del Vallès
AUTOPISTA,E-9,"820550006",Ajuntament de Sant Cugat del Vallès
CARRER,EBRE,"820550006",Ajuntament de Sant Cugat del Vallès
CARRER,EDUARD MARIA BALCELLS,"820550006",Ajuntament de Sant Cugat del Vallès
CARRER,EIVISSA,"820550006",Ajuntament de Sant Cugat del Vallès
CARRER,EL GRECO,"820550006",Ajuntament de Sant Cugat del Vallès
CARRER,EL SALVADOR,"820550006",Ajuntament de Sant Cugat del Vallès
CARRER,ELEFANT,"820550006",Ajuntament de Sant Cugat del Vallès
CARRER,ELIES ROGENT,"820550006",Ajuntament de Sant Cugat del Vallès
CARRER,ELIONOR VINYERTA,"820550006",Ajuntament de Sant Cugat del Vallès
CARRER,ELISENDA RIBATALLADA,"820550006",Ajuntament de Sant Cugat del Vallès
AVINGUDA,EMETERIO ESCUDERO,"820550006",Ajuntament de Sant Cugat del Vallès
JARDINS,EMMI PIKLER,"820550006",Ajuntament de Sant Cugat del Vallès
CARRER,EMPORDA,"820550006",Ajuntament de Sant Cugat del Vallès
CARRER,ENAMORATS,"820550006",Ajuntament de Sant Cugat del Vallès
CARRER,ENDAVALLADA,"820550006",Ajuntament de Sant Cugat del Vallès
CARRER,ENFILADISSA,"820550006",Ajuntament de Sant Cugat del Vallès
AVINGUDA,ENLLAÇ,"820550006",Ajuntament de Sant Cugat del Vallès
CARRER,ENRIC GRANADOS,"820550006",Ajuntament de Sant Cugat del Vallès
CARRER,ENRIC LANFRANCO,"820550006",Ajuntament de Sant Cugat del Vallès
CARRER,ENRIC SAGNIER,"820550006",Ajuntament de Sant Cugat del Vallès
CARRER,ENTRONCAMENT,"820550006",Ajuntament de Sant Cugat del Vallès
CARRER,EQUADOR,"820550006",Ajuntament de Sant Cugat del Vallès
PLAÇA,ERA,"820550006",Ajuntament de Sant Cugat del Vallès
CARRER,ERMITA,"820550006",Ajuntament de Sant Cugat del Vallès
PARC,ERNEST LLUCH,"820550006",Ajuntament de Sant Cugat del Vallès
CARRER,ESCALES DE TARRUELL,"820550006",Ajuntament de Sant Cugat del Vallès
CARRER,ESCALETES,"820550006",Ajuntament de Sant Cugat del Vallès
CARRER,ESCOLES,"820550006",Ajuntament de Sant Cugat del Vallès
PARC,ESCOLES BRESSOL MUNICIPALS,"820550006",Ajuntament de Sant Cugat del Vallès
CARRER,ESGLESIA,"820550006",Ajuntament de Sant Cugat del Vallès
PLAÇA,ESPANYA,"820550006",Ajuntament de Sant Cugat del Vallès
CARRER,ESPARREC,"820550006",Ajuntament de Sant Cugat del Vallès
PASSEIG,ESPARVER,"820550006",Ajuntament de Sant Cugat del Vallès
CARRER,ESPERANTO,"820550006",Ajuntament de Sant Cugat del Vallès
CARRER,ESPIGOL,"820550006",Ajuntament de Sant Cugat del Vallès
CARRER,ESPORT,"820550006",Ajuntament de Sant Cugat del Vallès
CARRER,ESQUIROL,"820550006",Ajuntament de Sant Cugat del Vallès
AVINGUDA,ESTACIO,"820550006",Ajuntament de Sant Cugat del Vallès
PLAÇA,ESTACIO,"820550006",Ajuntament de Sant Cugat del Vallès
PLAÇA,ESTACIO DE LA FLORESTA,"820550006",Ajuntament de Sant Cugat del Vallès
CARRER,ESTAPE,"820550006",Ajuntament de Sant Cugat del Vallès
CARRER,ESTEL,"820550006",Ajuntament de Sant Cugat del Vallès
CARRER,ESTEPA,"820550006",Ajuntament de Sant Cugat del Vallès
CARRER,ESTEVE PILA,"820550006",Ajuntament de Sant Cugat del Vallès
CARRER,ESTRET DE DARDANELS,"820550006",Ajuntament de Sant Cugat del Vallès
CARRER,ESTRET DE GIBRALTAR,"820550006",Ajuntament de Sant Cugat del Vallès
CARRER,ESTRET DE MESSINA,"820550006",Ajuntament de Sant Cugat del Vallès
PLAÇA,ESTRETS,"820550006",Ajuntament de Sant Cugat del Vallès
PASSATGE,EUCALIPTUS,"820550006",Ajuntament de Sant Cugat del Vallès
CARRER,EUGENI CANAS,"820550006",Ajuntament de Sant Cugat del Vallès
CARRER,EUGENI D'ORS,"820550006",Ajuntament de Sant Cugat del Vallès
AVINGUDA,EUROPA,"820550006",Ajuntament de Sant Cugat del Vallès
CARRER,EUSEBI ARNAU,"820550006",Ajuntament de Sant Cugat del Vallès
CARRER,EVEREST,"820550006",Ajuntament de Sant Cugat del Vallès
DRECERA,EVONIM,"820550006",Ajuntament de Sant Cugat del Vallès
CARRER,FABRICA,"820550006",Ajuntament de Sant Cugat del Vallès
CARRER,FAISA,"820550006",Ajuntament de Sant Cugat del Vallès
CARRER,FARIGOLAR,"820550006",Ajuntament de Sant Cugat del Vallès
CARRER,FERRAN,"820550006",Ajuntament de Sant Cugat del Vallès
CARRER,FERRAN ROMEU,"820550006",Ajuntament de Sant Cugat del Vallès
CARRER,FERRAN SOLDEVILA,"820550006",Ajuntament de Sant Cugat del Vallès
CARRER,FERRER I GUARDIA,"820550006",Ajuntament de Sant Cugat del Vallès
JARDINS,FESTA DE TARDOR,"820550006",Ajuntament de Sant Cugat del Vallès
PASSATGE,FIGUERA,"820550006",Ajuntament de Sant Cugat del Vallès
CARRER,FILIPINES,"820550006",Ajuntament de Sant Cugat del Vallès
CARRER,FLORS,"820550006",Ajuntament de Sant Cugat del Vallès
CARRER,FOLCH I TORRES,"820550006",Ajuntament de Sant Cugat del Vallès
CARRER,FONOLL,"820550006",Ajuntament de Sant Cugat del Vallès
PASSEIG,FONT,"820550006",Ajuntament de Sant Cugat del Vallès
PASSATGE,FONT,"820550006",Ajuntament de Sant Cugat del Vallès
CARRER,FONT,"820550006",Ajuntament de Sant Cugat del Vallès
CAMI,FONT D'EN PASSARET,"820550006",Ajuntament de Sant Cugat del Vallès
CARRER,FONT D'EN SALADRIGUES,"820550006",Ajuntament de Sant Cugat del Vallès
CAMI,FONT DE L'ERMITA,"820550006",Ajuntament de Sant Cugat del Vallès
CARRER,FONT DE LA MATA,"820550006",Ajuntament de Sant Cugat del Vallès
PASSATGE,FONT DE MARIA LLUÏSA,"820550006",Ajuntament de Sant Cugat del Vallès
PASSATGE,FONT DE SANT RAFAEL,"820550006",Ajuntament de Sant Cugat del Vallès
CARRER,FONT DEL FUMET,"820550006",Ajuntament de Sant Cugat del Vallès
CAMI,FONT DEL FUMET,"820550006",Ajuntament de Sant Cugat del Vallès
CARRER,FONT DEL REI,"820550006",Ajuntament de Sant Cugat del Vallès
CARRER,FONT I FERRER,"820550006",Ajuntament de Sant Cugat del Vallès
CARRER,FONT RICA,"820550006",Ajuntament de Sant Cugat del Vallès
PASSATGE,FONT RICA,"820550006",Ajuntament de Sant Cugat del Vallès
PLAÇA,FONT XICA,"820550006",Ajuntament de Sant Cugat del Vallès
CARRER,FORMENTERA,"820550006",Ajuntament de Sant Cugat del Vallès
CARRER,FORMOSA,"820550006",Ajuntament de Sant Cugat del Vallès
CARRER,FORTUNY,"820550006",Ajuntament de Sant Cugat del Vallès
CARRER,FOSSAR DE LES MORERES,"820550006",Ajuntament de Sant Cugat del Vallès
CARRER,FRA LUIS DE LEON,"820550006",Ajuntament de Sant Cugat del Vallès
CARRER,FRANCESC CABANAS ALIBAU,"820550006",Ajuntament de Sant Cugat del Vallès
PASSEIG,FRANCESC MACIA,"820550006",Ajuntament de Sant Cugat del Vallès
CARRER,FRANCESC MORAGAS,"820550006",Ajuntament de Sant Cugat del Vallès
CARRER,FRANCESC VILA,"820550006",Ajuntament de Sant Cugat del Vallès
CARRER,FREDERIC MARES,"820550006",Ajuntament de Sant Cugat del Vallès
CARRER,FREDERIC MOMPOU,"820550006",Ajuntament de Sant Cugat del Vallès
PASSATGE,FREIXAS,"820550006",Ajuntament de Sant Cugat del Vallès
CARRER,FUERTEVENTURA,"820550006",Ajuntament de Sant Cugat del Vallès
PASSATGE,FUMET,"820550006",Ajuntament de Sant Cugat del Vallès
CARRER,FUMET,"820550006",Ajuntament de Sant Cugat del Vallès
CARRER,FUSTER I SERRACANT,"820550006",Ajuntament de Sant Cugat del Vallès
PLAÇA,GABRIEL FERRATER,"820550006",Ajuntament de Sant Cugat del Vallès
CARRER,GABRIEL FERRATER,"820550006",Ajuntament de Sant Cugat del Vallès
PASSEIG,GAFARRO,"820550006",Ajuntament de Sant Cugat del Vallès
CARRER,GALICIA,"820550006",Ajuntament de Sant Cugat del Vallès
PASSEIG,GARDENIA,"820550006",Ajuntament de Sant Cugat del Vallès
CARRER,GARRAF,"820550006",Ajuntament de Sant Cugat del Vallès
PASSATGE,GARRIGA,"820550006",Ajuntament de Sant Cugat del Vallès
CARRER,GARROTXA,"820550006",Ajuntament de Sant Cugat del Vallès
PASSEIG,GARSA,"820550006",Ajuntament de Sant Cugat del Vallès
CARRER,GASPAR SALA,"820550006",Ajuntament de Sant Cugat del Vallès
CARRER,GAVETA,"820550006",Ajuntament de Sant Cugat del Vallès
CARRER,GENERAL PRIM,"820550006",Ajuntament de Sant Cugat del Vallès
AVINGUDA,GENERALITAT,"820550006",Ajuntament de Sant Cugat del Vallès
PASSEIG,GERANI,"820550006",Ajuntament de Sant Cugat del Vallès
PASSATGE,GERRER,"820550006",Ajuntament de Sant Cugat del Vallès
CARRER,GIJON,"820550006",Ajuntament de Sant Cugat del Vallès
CARRER,GINEBRO,"820550006",Ajuntament de Sant Cugat del Vallès
CARRER,GINJOLER,"820550006",Ajuntament de Sant Cugat del Vallès
PASSATGE,GIRA-SOL,"820550006",Ajuntament de Sant Cugat del Vallès
CARRER,GIRONA,"820550006",Ajuntament de Sant Cugat del Vallès
CARRER,GLA,"820550006",Ajuntament de Sant Cugat del Vallès
PASSATGE,GLADIOL,"820550006",Ajuntament de Sant Cugat del Vallès
CARRER,GOLF DE BISCAIA,"820550006",Ajuntament de Sant Cugat del Vallès
PASSATGE,GOLF DE BISCAIA,"820550006",Ajuntament de Sant Cugat del Vallès
CARRER,GOLF DE BOTNIA,"820550006",Ajuntament de Sant Cugat del Vallès
CARRER,GOLF DE CADIS,"820550006",Ajuntament de Sant Cugat del Vallès
CARRER,GOLF DE MEXIC,"820550006",Ajuntament de Sant Cugat del Vallès
CARRER,GOLF DE ROSES,"820550006",Ajuntament de Sant Cugat del Vallès
CARRER,GOLF DE VALENCIA,"820550006",Ajuntament de Sant Cugat del Vallès
CARRER,GOMERA,"820550006",Ajuntament de Sant Cugat del Vallès
CARRER,GORDI,"820550006",Ajuntament de Sant Cugat del Vallès
CARRER,GORINA,"820550006",Ajuntament de Sant Cugat del Vallès
CARRER,GOYA,"820550006",Ajuntament de Sant Cugat del Vallès
AVINGUDA,GRACIA,"820550006",Ajuntament de Sant Cugat del Vallès
CARRER,GRACIES,"820550006",Ajuntament de Sant Cugat del Vallès
AVINGUDA,GRAELLS,"820550006",Ajuntament de Sant Cugat del Vallès
CARRER,GRANADA,"820550006",Ajuntament de Sant Cugat del Vallès
CARRER,GRANJA,"820550006",Ajuntament de Sant Cugat del Vallès
CARRER,GRANOLLERS,"820550006",Ajuntament de Sant Cugat del Vallès
CARRER,GREVOL,"820550006",Ajuntament de Sant Cugat del Vallès
CARRER,GRIVA,"820550006",Ajuntament de Sant Cugat del Vallès
CARRER,GUADALAJARA,"820550006",Ajuntament de Sant Cugat del Vallès
CARRER,GUADALUPE DURAN,"820550006",Ajuntament de Sant Cugat del Vallès
CAMI,GUINARDERA,"820550006",Ajuntament de Sant Cugat del Vallès
AVINGUDA,GUINARDERA,"820550006",Ajuntament de Sant Cugat del Vallès
PASSEIG,GUINEU,"820550006",Ajuntament de Sant Cugat del Vallès
PARC,GUINEU,"820550006",Ajuntament de Sant Cugat del Vallès
CARRER,GUIPUSCOA,"820550006",Ajuntament de Sant Cugat del Vallès
AVINGUDA,GUIX BORRULL,"820550006",Ajuntament de Sant Cugat del Vallès
CARRER,GURUGU,"820550006",Ajuntament de Sant Cugat del Vallès
CARRER,HAITI,"820550006",Ajuntament de Sant Cugat del Vallès
CARRER,HENRI DUNANT,"820550006",Ajuntament de Sant Cugat del Vallès
CARRER,HIPICA,"820550006",Ajuntament de Sant Cugat del Vallès
PARC,HORT DE L'ABAT-JARDINS DEL PAGA-LI JOAN,"820550006",Ajuntament de Sant Cugat del Vallès
PASSEIG,HORTENSIA,"820550006",Ajuntament de Sant Cugat del Vallès
PLAÇA,HORTET SOLE,"820550006",Ajuntament de Sant Cugat del Vallès
CARRER,HORTET SOLE,"820550006",Ajuntament de Sant Cugat del Vallès
CARRER,HOSPITAL,"820550006",Ajuntament de Sant Cugat del Vallès
CARRER,IDEAL,"820550006",Ajuntament de Sant Cugat del Vallès
CARRER,IGNASI BARRAQUER,"820550006",Ajuntament de Sant Cugat del Vallès
CARRER,IGUALADA,"820550006",Ajuntament de Sant Cugat del Vallès
CARRER,ILDEFONS CERDA,"820550006",Ajuntament de Sant Cugat del Vallès
CARRER,ILLES MEDES,"820550006",Ajuntament de Sant Cugat del Vallès
CARRER,INDUSTRIA,"820550006",Ajuntament de Sant Cugat del Vallès
CARRER,INFANT,"820550006",Ajuntament de Sant Cugat del Vallès
CARRER,IRUN,"820550006",Ajuntament de Sant Cugat del Vallès
PAS,ISABEL DE VILLENA,"820550006",Ajuntament de Sant Cugat del Vallès
CARRER,ISIDRE MARGENAT,"820550006",Ajuntament de Sant Cugat del Vallès
CARRER,ISIDRE NONELL,"820550006",Ajuntament de Sant Cugat del Vallès
CARRER,JAEN,"820550006",Ajuntament de Sant Cugat del Vallès
RAMBLA,JARDI,"820550006",Ajuntament de Sant Cugat del Vallès
PASSATGE,JARDINER,"820550006",Ajuntament de Sant Cugat del Vallès
CARRER,JAUME DE MONTCORB,"820550006",Ajuntament de Sant Cugat del Vallès
CARRER,JAUME I,"820550006",Ajuntament de Sant Cugat del Vallès
CARRER,JAUME PERICH,"820550006",Ajuntament de Sant Cugat del Vallès
RAMBLA,JAUME SABAT,"820550006",Ajuntament de Sant Cugat del Vallès
CARRER,JAVA,"820550006",Ajuntament de Sant Cugat del Vallès
CARRER,JERONI PUJADES,"820550006",Ajuntament de Sant Cugat del Vallès
CARRER,JESUS SERRA SANTAMANS,"820550006",Ajuntament de Sant Cugat del Vallès
CARRER,JOAN ALCOVER,"820550006",Ajuntament de Sant Cugat del Vallès
CARRER,JOAN AMADES,"820550006",Ajuntament de Sant Cugat del Vallès
AVINGUDA,JOAN BORRAS,"820550006",Ajuntament de Sant Cugat del Vallès
PLAÇA,JOAN BORRAS,"820550006",Ajuntament de Sant Cugat del Vallès
CARRER,JOAN BUSCALLA,"820550006",Ajuntament de Sant Cugat del Vallès
CARRER,JOAN COROMINES,"820550006",Ajuntament de Sant Cugat del Vallès
PLAÇA,JOAN GASSO,"820550006",Ajuntament de Sant Cugat del Vallès
PLAÇA,JOAN MAJOR,"820550006",Ajuntament de Sant Cugat del Vallès
CARRER,JOAN MARAGALL,"820550006",Ajuntament de Sant Cugat del Vallès
CARRER,JOAN MIRO,"820550006",Ajuntament de Sant Cugat del Vallès
CARRER,JOAN OLIVER,"820550006",Ajuntament de Sant Cugat del Vallès
PLAÇA,JOAN PAU II,"820550006",Ajuntament de Sant Cugat del Vallès
CARRER,JOAN PLANAS,"820550006",Ajuntament de Sant Cugat del Vallès
CARRER,JOAN REBULL,"820550006",Ajuntament de Sant Cugat del Vallès
CARRER,JOAN REGLA,"820550006",Ajuntament de Sant Cugat del Vallès
JARDINS,JOAN SERRA,"820550006",Ajuntament de Sant Cugat del Vallès
CARRER,JOAN XXIII,"820550006",Ajuntament de Sant Cugat del Vallès
PLACETA,JOANA RASPALL,"820550006",Ajuntament de Sant Cugat del Vallès
CARRER,JOANOT MARTORELL,"820550006",Ajuntament de Sant Cugat del Vallès
CARRER,JOAQUIM BLUME,"820550006",Ajuntament de Sant Cugat del Vallès
PLAÇA,JOCS FLORALS,"820550006",Ajuntament de Sant Cugat del Vallès
PASSEIG,JOSE IBAÑEZ OLUCHA,"820550006",Ajuntament de Sant Cugat del Vallès
CARRER,JOSEFINA MASCAREÑAS,"820550006",Ajuntament de Sant Cugat del Vallès
AVINGUDA,JOSEP ANSELM CLAVE,"820550006",Ajuntament de Sant Cugat del Vallès
CARRER,JOSEP CARNER,"820550006",Ajuntament de Sant Cugat del Vallès
CARRER,JOSEP CLARA,"820550006",Ajuntament de Sant Cugat del Vallès
CARRER,JOSEP DE PERAY,"820550006",Ajuntament de Sant Cugat del Vallès
CARRER,JOSEP IRLA,"820550006",Ajuntament de Sant Cugat del Vallès
CARRER,JOSEP LLIMONA,"820550006",Ajuntament de Sant Cugat del Vallès
CARRER,JOSEP MARIA DE SAGARRA,"820550006",Ajuntament de Sant Cugat del Vallès
CARRER,JOSEP MARIA SERT,"820550006",Ajuntament de Sant Cugat del Vallès
CARRER,JOSEP PALLACH,"820550006",Ajuntament de Sant Cugat del Vallès
PLAÇA,JOSEP PLAYA,"820550006",Ajuntament de Sant Cugat del Vallès
CARRER,JOSEP SALA I GENER,"820550006",Ajuntament de Sant Cugat del Vallès
CARRER,JOSEP SERRABOGUNYA,"820550006",Ajuntament de Sant Cugat del Vallès
CARRER,JOSEP TARRADELLAS,"820550006",Ajuntament de Sant Cugat del Vallès
CARRER,JOSEP TRUETA,"820550006",Ajuntament de Sant Cugat del Vallès
CARRER,JOSEP VALLS,"820550006",Ajuntament de Sant Cugat del Vallès
CARRER,JOSEP VICENÇ FOIX,"820550006",Ajuntament de Sant Cugat del Vallès
CARRER,JOSEP VIDAL I GRANES,"820550006",Ajuntament de Sant Cugat del Vallès
CARRER,JULIVERT,"820550006",Ajuntament de Sant Cugat del Vallès
PASSEIG,L'HAVANA,"820550006",Ajuntament de Sant Cugat del Vallès
CARRER,LA CORUNYA,"820550006",Ajuntament de Sant Cugat del Vallès
CARRETERA,LA FLORESTA,"820550006",Ajuntament de Sant Cugat del Vallès
PASSEIG,LA FLORESTA,"820550006",Ajuntament de Sant Cugat del Vallès
CARRER,LA PLATA,"820550006",Ajuntament de Sant Cugat del Vallès
PLAÇA,LA UNIO,"820550006",Ajuntament de Sant Cugat del Vallès
AVINGUDA,LAIETANIA,"820550006",Ajuntament de Sant Cugat del Vallès
CARRER,LANZAROTE,"820550006",Ajuntament de Sant Cugat del Vallès
CARRER,LAS PALMAS,"820550006",Ajuntament de Sant Cugat del Vallès
CARRER,LEON,"820550006",Ajuntament de Sant Cugat del Vallès
CARRER,LEPANT,"820550006",Ajuntament de Sant Cugat del Vallès
AVINGUDA,LES MARINES,"820550006",Ajuntament de Sant Cugat del Vallès
CARRER,LES PLANES,"820550006",Ajuntament de Sant Cugat del Vallès
CARRER,LIBERATA MASOLIVER,"820550006",Ajuntament de Sant Cugat del Vallès
PASSATGE,LILA,"820550006",Ajuntament de Sant Cugat del Vallès
AVINGUDA,LLAC,"820550006",Ajuntament de Sant Cugat del Vallès
PASSATGE,LLAC,"820550006",Ajuntament de Sant Cugat del Vallès
CARRER,LLACERES,"820550006",Ajuntament de Sant Cugat del Vallès
CARRER,LLANEGA,"820550006",Ajuntament de Sant Cugat del Vallès
PLAÇA,LLAURADA,"820550006",Ajuntament de Sant Cugat del Vallès
CARRER,LLEBRE,"820550006",Ajuntament de Sant Cugat del Vallès
CARRER,LLEIDA,"820550006",Ajuntament de Sant Cugat del Vallès
CARRER,LLENTISCLE,"820550006",Ajuntament de Sant Cugat del Vallès
PASSEIG,LLESSAMI,"820550006",Ajuntament de Sant Cugat del Vallès
CARRER,LLI,"820550006",Ajuntament de Sant Cugat del Vallès
PASSATGE,LLIMONA,"820550006",Ajuntament de Sant Cugat del Vallès
CARRER,LLOBREGAT,"820550006",Ajuntament de Sant Cugat del Vallès
AVINGUDA,LLUIS COMPANYS,"820550006",Ajuntament de Sant Cugat del Vallès
PLAÇA,LLUIS MILLET,"820550006",Ajuntament de Sant Cugat del Vallès
PLAÇA,LLUIS PUIG I TUNEU,"820550006",Ajuntament de Sant Cugat del Vallès
CARRER,LLUIS VERMELL,"820550006",Ajuntament de Sant Cugat del Vallès
CARRER,LLUM,"820550006",Ajuntament de Sant Cugat del Vallès
CARRER,LLUNA,"820550006",Ajuntament de Sant Cugat del Vallès
CARRER,LOLA ANGLADA,"820550006",Ajuntament de Sant Cugat del Vallès
CARRER,LOS CASTILLEJOS,"820550006",Ajuntament de Sant Cugat del Vallès
PASSATGE,LOTUS,"820550006",Ajuntament de Sant Cugat del Vallès
CARRER,LUGO,"820550006",Ajuntament de Sant Cugat del Vallès
CARRER,LUZON,"820550006",Ajuntament de Sant Cugat del Vallès
AVINGUDA,MADRID,"820550006",Ajuntament de Sant Cugat del Vallès
CARRER,MAGAROLA,"820550006",Ajuntament de Sant Cugat del Vallès
PASSEIG,MAGNOLIA,"820550006",Ajuntament de Sant Cugat del Vallès
PLAÇA,MAINADA,"820550006",Ajuntament de Sant Cugat del Vallès
CARRER,MAJOR,"820550006",Ajuntament de Sant Cugat del Vallès
CARRER,MAJOR DE LA FLORESTA,"820550006",Ajuntament de Sant Cugat del Vallès
CARRER,MAJOR DEL RECTORET,"820550006",Ajuntament de Sant Cugat del Vallès
CARRER,MALLORCA,"820550006",Ajuntament de Sant Cugat del Vallès
CARRER,MALVA REIAL,"820550006",Ajuntament de Sant Cugat del Vallès
CARRER,MALVI,"820550006",Ajuntament de Sant Cugat del Vallès
CARRER,MANEL FARRES,"820550006",Ajuntament de Sant Cugat del Vallès
CARRER,MANUEL DE PEDROLO,"820550006",Ajuntament de Sant Cugat del Vallès
PASSATGE,MAR BLANC,"820550006",Ajuntament de Sant Cugat del Vallès
CARRER,MAR DE LA XINA,"820550006",Ajuntament de Sant Cugat del Vallès
CARRER,MAR NEGRE,"820550006",Ajuntament de Sant Cugat del Vallès
CARRER,MARCOS REDONDO,"820550006",Ajuntament de Sant Cugat del Vallès
CARRER,MARE DE DEU DEL ROSER,"820550006",Ajuntament de Sant Cugat del Vallès
PASSEIG,MARE DE LA FONT,"820550006",Ajuntament de Sant Cugat del Vallès
CARRER,MARESME,"820550006",Ajuntament de Sant Cugat del Vallès
CARRER,MARFULL,"820550006",Ajuntament de Sant Cugat del Vallès
CARRER,MARGARIT,"820550006",Ajuntament de Sant Cugat del Vallès
CARRER,MARGES,"820550006",Ajuntament de Sant Cugat del Vallès
CARRER,MARIA ANTONIA,"820550006",Ajuntament de Sant Cugat del Vallès
CARRER,MARIA BENLLIURE,"820550006",Ajuntament de Sant Cugat del Vallès
CARRER,MARIA MANENT,"820550006",Ajuntament de Sant Cugat del Vallès
JARDINS,MARIA MERCE MARÇAL,"820550006",Ajuntament de Sant Cugat del Vallès
PLAÇA,MARIA SABATER,"820550006",Ajuntament de Sant Cugat del Vallès
CARRER,MARIA VAYREDA,"820550006",Ajuntament de Sant Cugat del Vallès
CARRER,MARINE,"820550006",Ajuntament de Sant Cugat del Vallès
PASSEIG,MARISCOTA,"820550006",Ajuntament de Sant Cugat del Vallès
CARRER,MARIUS TORRES,"820550006",Ajuntament de Sant Cugat del Vallès
CARRER,MARS DEL SUD,"820550006",Ajuntament de Sant Cugat del Vallès
PASSEIG,MARTA MATA,"820550006",Ajuntament de Sant Cugat del Vallès
CARRER,MARTI L'HUMA,"820550006",Ajuntament de Sant Cugat del Vallès
CARRER,MARTORELL,"820550006",Ajuntament de Sant Cugat del Vallès
PASSATGE,MARXA INFANTIL,"820550006",Ajuntament de Sant Cugat del Vallès
CAMI,MAS DEL BOSC,"820550006",Ajuntament de Sant Cugat del Vallès
CAMI,MAS FORTUNY,"820550006",Ajuntament de Sant Cugat del Vallès
PLAÇA,MAS FORTUNY,"820550006",Ajuntament de Sant Cugat del Vallès
AVINGUDA,MAS FUSTER,"820550006",Ajuntament de Sant Cugat del Vallès
PLAÇA,MAS GENER,"820550006",Ajuntament de Sant Cugat del Vallès
AVINGUDA,MAS GENER,"820550006",Ajuntament de Sant Cugat del Vallès
PASSEIG,MAS ROIG,"820550006",Ajuntament de Sant Cugat del Vallès
PLAÇA,MAS ROIG,"820550006",Ajuntament de Sant Cugat del Vallès
CAMI,MAS ROIG AL MAS FUSTER,"820550006",Ajuntament de Sant Cugat del Vallès
PLAÇA,MATA,"820550006",Ajuntament de Sant Cugat del Vallès
CARRER,MATA,"820550006",Ajuntament de Sant Cugat del Vallès
AVINGUDA,MENENDEZ PELAYO,"820550006",Ajuntament de Sant Cugat del Vallès
CARRER,MENORCA,"820550006",Ajuntament de Sant Cugat del Vallès
CARRER,MENTA,"820550006",Ajuntament de Sant Cugat del Vallès
PASSATGE,MENTA,"820550006",Ajuntament de Sant Cugat del Vallès
CARRER,MERCAT,"820550006",Ajuntament de Sant Cugat del Vallès
CARRER,MERCE CAPSIR,"820550006",Ajuntament de Sant Cugat del Vallès
CARRER,MERCE RODOREDA,"820550006",Ajuntament de Sant Cugat del Vallès
CARRER,MERCE VILARET,"820550006",Ajuntament de Sant Cugat del Vallès
PASSEIG,MERLA,"820550006",Ajuntament de Sant Cugat del Vallès
PASSEIG,MESTRA CASESNOVES,"820550006",Ajuntament de Sant Cugat del Vallès
AVINGUDA,MESTRE ALFONS,"820550006",Ajuntament de Sant Cugat del Vallès
CARRER,MESTRES,"820550006",Ajuntament de Sant Cugat del Vallès
CARRER,MEXIC,"820550006",Ajuntament de Sant Cugat del Vallès
CARRER,MIGDIA,"820550006",Ajuntament de Sant Cugat del Vallès
PLAÇA,MIL.LENARI,"820550006",Ajuntament de Sant Cugat del Vallès
PASSEIG,MIMOSA,"820550006",Ajuntament de Sant Cugat del Vallès
CARRER,MINA,"820550006",Ajuntament de Sant Cugat del Vallès
DRECERA,MINES,"820550006",Ajuntament de Sant Cugat del Vallès
AVINGUDA,MINES,"820550006",Ajuntament de Sant Cugat del Vallès
CARRER,MIQUEL ANGEL,"820550006",Ajuntament de Sant Cugat del Vallès
PASSATGE,MIQUEL BLAY,"820550006",Ajuntament de Sant Cugat del Vallès
JARDINS,MIQUEL MARTI I POL,"820550006",Ajuntament de Sant Cugat del Vallès
PLAÇA,MIQUEL OLIVELLA,"820550006",Ajuntament de Sant Cugat del Vallès
CARRER,MIQUEL QUINTANA,"820550006",Ajuntament de Sant Cugat del Vallès
PLAÇA,MIQUEL ROS,"820550006",Ajuntament de Sant Cugat del Vallès
CARRER,MIQUEL SERVET,"820550006",Ajuntament de Sant Cugat del Vallès
CARRER,MIR,"820550006",Ajuntament de Sant Cugat del Vallès
PLAÇA,MIRA-SOL,"820550006",Ajuntament de Sant Cugat del Vallès
CARRER,MIRA-SOL,"820550006",Ajuntament de Sant Cugat del Vallès
PASSATGE,MIRALLES,"820550006",Ajuntament de Sant Cugat del Vallès
CARRER,MIRALLUNY,"820550006",Ajuntament de Sant Cugat del Vallès
PASSATGE,MIRANDA,"820550006",Ajuntament de Sant Cugat del Vallès
PLAÇA,MIRANDA DE L'ALZINAR,"820550006",Ajuntament de Sant Cugat del Vallès
CARRER,MIRANDA DE MONTSERRAT,"820550006",Ajuntament de Sant Cugat del Vallès
CARRER,MIRANDA DEL VALLES,"820550006",Ajuntament de Sant Cugat del Vallès
CARRER,MOIANES,"820550006",Ajuntament de Sant Cugat del Vallès
CARRER,MOLI DE LES PLANES,"820550006",Ajuntament de Sant Cugat del Vallès
CARRER,MOLI DE VALLDOREIX,"820550006",Ajuntament de Sant Cugat del Vallès
CARRETERA,MOLINS DE REI A CALDES,"820550006",Ajuntament de Sant Cugat del Vallès
PLAÇA,MOLTA,"820550006",Ajuntament de Sant Cugat del Vallès
JARDINS,MONESTIR,"820550006",Ajuntament de Sant Cugat del Vallès
CARRER,MONESTIR,"820550006",Ajuntament de Sant Cugat del Vallès
CARRER,MONESTIR DE BESALU,"820550006",Ajuntament de Sant Cugat del Vallès
CARRER,MONESTIR DE POBLET,"820550006",Ajuntament de Sant Cugat del Vallès
CARRER,MONESTIR DE SANT LLORENÇ,"820550006",Ajuntament de Sant Cugat del Vallès
CARRER,MONESTIR DE VILABERTRAN,"820550006",Ajuntament de Sant Cugat del Vallès
CAMI,MONJOS,"820550006",Ajuntament de Sant Cugat del Vallès
CARRER,MONT BLANC,"820550006",Ajuntament de Sant Cugat del Vallès
CARRER,MONTEVIDEO,"820550006",Ajuntament de Sant Cugat del Vallès
CARRER,MONTJUIC,"820550006",Ajuntament de Sant Cugat del Vallès
CARRER,MONTSENY,"820550006",Ajuntament de Sant Cugat del Vallès
AVINGUDA,MONTSENY,"820550006",Ajuntament de Sant Cugat del Vallès
PLAÇA,MONTSERRAT,"820550006",Ajuntament de Sant Cugat del Vallès
CARRER,MONTSERRAT,"820550006",Ajuntament de Sant Cugat del Vallès
PLAÇA,MONTSERRAT ABELLO,"820550006",Ajuntament de Sant Cugat del Vallès
AVINGUDA,MONTSERRAT ROIG,"820550006",Ajuntament de Sant Cugat del Vallès
CARRER,MONTSIA,"820550006",Ajuntament de Sant Cugat del Vallès
CARRER,MORENETA DE MONTSERRAT,"820550006",Ajuntament de Sant Cugat del Vallès
PASSEIG,MORERA,"820550006",Ajuntament de Sant Cugat del Vallès
CARRER,MORET,"820550006",Ajuntament de Sant Cugat del Vallès
AVINGUDA,MOSSEN JACINT VERDAGUER,"820550006",Ajuntament de Sant Cugat del Vallès
RAMBLA,MOSSEN JACINT VERDAGUER,"820550006",Ajuntament de Sant Cugat del Vallès
RAMBLA,MOSSEN JULI,"820550006",Ajuntament de Sant Cugat del Vallès
CARRER,MOZART,"820550006",Ajuntament de Sant Cugat del Vallès
PASSATGE,MUNERA,"820550006",Ajuntament de Sant Cugat del Vallès
PASSEIG,MUNTANYA,"820550006",Ajuntament de Sant Cugat del Vallès
CARRER,MURILLO,"820550006",Ajuntament de Sant Cugat del Vallès
PASSATGE,MUSELLA,"820550006",Ajuntament de Sant Cugat del Vallès
CARRER,NARCIS MONTURIOL,"820550006",Ajuntament de Sant Cugat del Vallès
PASSEIG,NARD,"820550006",Ajuntament de Sant Cugat del Vallès
CARRER,NAVARRA,"820550006",Ajuntament de Sant Cugat del Vallès
CARRER,NENUFAR,"820550006",Ajuntament de Sant Cugat del Vallès
PASSATGE,NENUFAR,"820550006",Ajuntament de Sant Cugat del Vallès
CARRER,NICARAGUA,"820550006",Ajuntament de Sant Cugat del Vallès
CARRER,NIU GUERRER,"820550006",Ajuntament de Sant Cugat del Vallès
PASSEIG,NOGUERA,"820550006",Ajuntament de Sant Cugat del Vallès
PASSATGE,NOGUERA,"820550006",Ajuntament de Sant Cugat del Vallès
RONDA,NORD,"820550006",Ajuntament de Sant Cugat del Vallès
CARRER,NOSTRA SENYORA DE L'ESTRADA,"820550006",Ajuntament de Sant Cugat del Vallès
CARRER,NOSTRA SENYORA DEL PILAR,"820550006",Ajuntament de Sant Cugat del Vallès
CARRER,NOSTRA SENYORA DELS ANGELS,"820550006",Ajuntament de Sant Cugat del Vallès
CARRER,NOU DE LA FLORESTA,"820550006",Ajuntament de Sant Cugat del Vallès
CARRER,NURIA,"820550006",Ajuntament de Sant Cugat del Vallès
CARRER,OBIOLS,"820550006",Ajuntament de Sant Cugat del Vallès
CARRER,OCEA ATLANTIC,"820550006",Ajuntament de Sant Cugat del Vallès
CARRER,OCEA GLACIAL,"820550006",Ajuntament de Sant Cugat del Vallès
CARRER,OCEA INDIC,"820550006",Ajuntament de Sant Cugat del Vallès
CARRER,OCEA PACIFIC,"820550006",Ajuntament de Sant Cugat del Vallès
PLAÇA,OCELLS,"820550006",Ajuntament de Sant Cugat del Vallès
CARRER,OCELLS,"820550006",Ajuntament de Sant Cugat del Vallès
PLAÇA,OCTAVIA,"820550006",Ajuntament de Sant Cugat del Vallès
PASSEIG,OLABARRIA,"820550006",Ajuntament de Sant Cugat del Vallès
PLAÇA,OLI,"820550006",Ajuntament de Sant Cugat del Vallès
CARRER,OLIMPIA,"820550006",Ajuntament de Sant Cugat del Vallès
PLAÇA,OLIVERES,"820550006",Ajuntament de Sant Cugat del Vallès
CARRER,OLORDA,"820550006",Ajuntament de Sant Cugat del Vallès
PASSEIG,OM,"820550006",Ajuntament de Sant Cugat del Vallès
PLAÇA,OM,"820550006",Ajuntament de Sant Cugat del Vallès
CARRER,ONES,"820550006",Ajuntament de Sant Cugat del Vallès
PLAÇA,ONES,"820550006",Ajuntament de Sant Cugat del Vallès
PASSATGE,ONES,"820550006",Ajuntament de Sant Cugat del Vallès
PLAÇA,ONZE DE SETEMBRE,"820550006",Ajuntament de Sant Cugat del Vallès
CARRER,OR,"820550006",Ajuntament de Sant Cugat del Vallès
CARRER,ORDAL,"820550006",Ajuntament de Sant Cugat del Vallès
PASSEIG,ORENETA,"820550006",Ajuntament de Sant Cugat del Vallès
CARRER,ORENGA,"820550006",Ajuntament de Sant Cugat del Vallès
CARRER,ORENSE,"820550006",Ajuntament de Sant Cugat del Vallès
CARRER,ORIENT,"820550006",Ajuntament de Sant Cugat del Vallès
PASSATGE,ORIOL,"820550006",Ajuntament de Sant Cugat del Vallès
PASSEIG,ORQUIDIA,"820550006",Ajuntament de Sant Cugat del Vallès
CARRER,OSCA,"820550006",Ajuntament de Sant Cugat del Vallès
CARRER,OSONA,"820550006",Ajuntament de Sant Cugat del Vallès
PLAÇA,PAGESOS,"820550006",Ajuntament de Sant Cugat del Vallès
CARRER,PAHISSA,"820550006",Ajuntament de Sant Cugat del Vallès
AVINGUDA,PAISOS CATALANS,"820550006",Ajuntament de Sant Cugat del Vallès
CARRER,PALMERA,"820550006",Ajuntament de Sant Cugat del Vallès
PASSATGE,PALMIRA,"820550006",Ajuntament de Sant Cugat del Vallès
CARRER,PAMPLONA,"820550006",Ajuntament de Sant Cugat del Vallès
CARRER,PANAMA,"820550006",Ajuntament de Sant Cugat del Vallès
CARRER,PAPALLONES,"820550006",Ajuntament de Sant Cugat del Vallès
CARRER,PARC,"820550006",Ajuntament de Sant Cugat del Vallès
PASSEIG,PARDAL,"820550006",Ajuntament de Sant Cugat del Vallès
DRECERA,PARDOS,"820550006",Ajuntament de Sant Cugat del Vallès
CARRER,PARE MIQUEL BATLLORI,"820550006",Ajuntament de Sant Cugat del Vallès
PASSATGE,PARES,"820550006",Ajuntament de Sant Cugat del Vallès
CARRER,PAS DE L'ESTACIO,"820550006",Ajuntament de Sant Cugat del Vallès
CARRER,PASTORA MARTOS,"820550006",Ajuntament de Sant Cugat del Vallès
CARRER,PAU,"820550006",Ajuntament de Sant Cugat del Vallès
CARRER,PAU CASALS,"820550006",Ajuntament de Sant Cugat del Vallès
CARRER,PAU GARGALLO,"820550006",Ajuntament de Sant Cugat del Vallès
CARRER,PAU MUÑOZ I CASTANYER,"820550006",Ajuntament de Sant Cugat del Vallès
CARRER,PAU VI,"820550006",Ajuntament de Sant Cugat del Vallès
CARRER,PAU VILA,"820550006",Ajuntament de Sant Cugat del Vallès
CARRER,PAULONIA,"820550006",Ajuntament de Sant Cugat del Vallès
CARRER,PEARSON,"820550006",Ajuntament de Sant Cugat del Vallès
CARRER,PEDRAFORCA,"820550006",Ajuntament de Sant Cugat del Vallès
CAMI,PEDRERA,"820550006",Ajuntament de Sant Cugat del Vallès
CARRER,PEDRO I PONS,"820550006",Ajuntament de Sant Cugat del Vallès
PLAÇA,PELLERIA,"820550006",Ajuntament de Sant Cugat del Vallès
CARRER,PENJALLOPS,"820550006",Ajuntament de Sant Cugat del Vallès
PASSEIG,PENSAMENT,"820550006",Ajuntament de Sant Cugat del Vallès
JARDINS,PENYA REGALESSIA,"820550006",Ajuntament de Sant Cugat del Vallès
PASSEIG,PEONIA,"820550006",Ajuntament de Sant Cugat del Vallès
PLAÇA,PEP VENTURA,"820550006",Ajuntament de Sant Cugat del Vallès
PASSEIG,PERDIUS,"820550006",Ajuntament de Sant Cugat del Vallès
CARRER,PERE BOSCH,"820550006",Ajuntament de Sant Cugat del Vallès
CARRER,PERE CALDERS,"820550006",Ajuntament de Sant Cugat del Vallès
CARRER,PERE FERRER,"820550006",Ajuntament de Sant Cugat del Vallès
CARRER,PERE MAS,"820550006",Ajuntament de Sant Cugat del Vallès
DRECERA,PERE PLANAS,"820550006",Ajuntament de Sant Cugat del Vallès
AVINGUDA,PERE PLANAS,"820550006",Ajuntament de Sant Cugat del Vallès
CARRER,PERE SERRA,"820550006",Ajuntament de Sant Cugat del Vallès
CARRER,PEREZ GALDOS,"820550006",Ajuntament de Sant Cugat del Vallès
CARRER,PEREZ MOYA,"820550006",Ajuntament de Sant Cugat del Vallès
CARRER,PERU,"820550006",Ajuntament de Sant Cugat del Vallès
CARRER,PESCADOR,"820550006",Ajuntament de Sant Cugat del Vallès
JARDINS,PESSEBRISTA MILLET,"820550006",Ajuntament de Sant Cugat del Vallès
PASSATGE,PI,"820550006",Ajuntament de Sant Cugat del Vallès
CARRER,PI D'EN XANDRI,"820550006",Ajuntament de Sant Cugat del Vallès
CAMI,PICADOR,"820550006",Ajuntament de Sant Cugat del Vallès
CARRER,PICASSO,"820550006",Ajuntament de Sant Cugat del Vallès
CARRER,PIERROT,"820550006",Ajuntament de Sant Cugat del Vallès
CARRER,PIGOT,"820550006",Ajuntament de Sant Cugat del Vallès
JARDINS,PILAR ROIG,"820550006",Ajuntament de Sant Cugat del Vallès
RONDA,PINAR,"820550006",Ajuntament de Sant Cugat del Vallès
PARC,PINEDA D'EN SALADRIGUES,"820550006",Ajuntament de Sant Cugat del Vallès
CARRER,PINETELL,"820550006",Ajuntament de Sant Cugat del Vallès
PLAÇA,PINS,"820550006",Ajuntament de Sant Cugat del Vallès
PASSEIG,PINSA,"820550006",Ajuntament de Sant Cugat del Vallès
CARRER,PINYA,"820550006",Ajuntament de Sant Cugat del Vallès
CAMI,PINYER,"820550006",Ajuntament de Sant Cugat del Vallès
CARRER,PINYONAIRES,"820550006",Ajuntament de Sant Cugat del Vallès
CARRER,PIRINEUS,"820550006",Ajuntament de Sant Cugat del Vallès
AVINGUDA,PISCINA,"820550006",Ajuntament de Sant Cugat del Vallès
PASSEIG,PISCINA,"820550006",Ajuntament de Sant Cugat del Vallès
CARRER,PIUS XI,"820550006",Ajuntament de Sant Cugat del Vallès
PASSATGE,PLA,"820550006",Ajuntament de Sant Cugat del Vallès
CARRER,PLA,"820550006",Ajuntament de Sant Cugat del Vallès
CARRER,PLA DE L'ESTANY,"820550006",Ajuntament de Sant Cugat del Vallès
CARRER,PLA DE LA PAGESA,"820550006",Ajuntament de Sant Cugat del Vallès
CARRER,PLA DE LES SARDANES,"820550006",Ajuntament de Sant Cugat del Vallès
AVINGUDA,PLA DEL VINYET,"820550006",Ajuntament de Sant Cugat del Vallès
PASSATGE,PLA I ARGELICH,"820550006",Ajuntament de Sant Cugat del Vallès
CARRER,PLANA,"820550006",Ajuntament de Sant Cugat del Vallès
CARRER,PLANA DE L'HOSPITAL,"820550006",Ajuntament de Sant Cugat del Vallès
CARRER,PLANETA,"820550006",Ajuntament de Sant Cugat del Vallès
PASSATGE,PLATAN,"820550006",Ajuntament de Sant Cugat del Vallès
CARRER,PLATI,"820550006",Ajuntament de Sant Cugat del Vallès
PARC,POLLANCREDA,"820550006",Ajuntament de Sant Cugat del Vallès
PASSEIG,POLLANCRES,"820550006",Ajuntament de Sant Cugat del Vallès
CARRER,POMPEU FABRA,"820550006",Ajuntament de Sant Cugat del Vallès
PLAÇA,POMPEU FABRA,"820550006",Ajuntament de Sant Cugat del Vallès
DRECERA,PONENT,"820550006",Ajuntament de Sant Cugat del Vallès
PLAÇA,PONENT,"820550006",Ajuntament de Sant Cugat del Vallès
CARRER,PONENT,"820550006",Ajuntament de Sant Cugat del Vallès
CARRER,PONT,"820550006",Ajuntament de Sant Cugat del Vallès
CARRER,PONT DE CAN VERNET,"820550006",Ajuntament de Sant Cugat del Vallès
PLAÇA,PONT DEL DIARI,"820550006",Ajuntament de Sant Cugat del Vallès
PLAÇA,PONT GROS,"820550006",Ajuntament de Sant Cugat del Vallès
CARRER,PONTEVEDRA,"820550006",Ajuntament de Sant Cugat del Vallès
PASSATGE,PORT,"820550006",Ajuntament de Sant Cugat del Vallès
PASSATGE,PORTADA DE LES AIGÜES,"820550006",Ajuntament de Sant Cugat del Vallès
PLAÇA,PORTADORES,"820550006",Ajuntament de Sant Cugat del Vallès
PLAÇA,PORTERS,"820550006",Ajuntament de Sant Cugat del Vallès
CARRER,POUS,"820550006",Ajuntament de Sant Cugat del Vallès
PASSEIG,PRAT,"820550006",Ajuntament de Sant Cugat del Vallès
CARRER,PRAT DE LA RIBA,"820550006",Ajuntament de Sant Cugat del Vallès
PASSEIG,PRESSEC,"820550006",Ajuntament de Sant Cugat del Vallès
CARRER,PRINCEP,"820550006",Ajuntament de Sant Cugat del Vallès
CARRER,PRIORAT,"820550006",Ajuntament de Sant Cugat del Vallès
AVINGUDA,PUIG DE RIMILA,"820550006",Ajuntament de Sant Cugat del Vallès
CARRER,PUIG I CADAFALCH,"820550006",Ajuntament de Sant Cugat del Vallès
CARRER,PUJOL,"820550006",Ajuntament de Sant Cugat del Vallès
CARRER,PUJOLAR,"820550006",Ajuntament de Sant Cugat del Vallès
CARRER,QUADRA DE CANALS,"820550006",Ajuntament de Sant Cugat del Vallès
PLAÇA,QUATRE CANTONS,"820550006",Ajuntament de Sant Cugat del Vallès
CARRER,QUATRE VENTS,"820550006",Ajuntament de Sant Cugat del Vallès
CARRETERA,RABASSADA,"820550006",Ajuntament de Sant Cugat del Vallès
PLAÇA,RABASSAIRES,"820550006",Ajuntament de Sant Cugat del Vallès
PLAÇA,RABASSALET,"820550006",Ajuntament de Sant Cugat del Vallès
CAMI,RABASSALET,"820550006",Ajuntament de Sant Cugat del Vallès
CARRER,RAFAEL CASTANYER,"820550006",Ajuntament de Sant Cugat del Vallès
PLAÇA,RAFAEL CASTANYER,"820550006",Ajuntament de Sant Cugat del Vallès
PLAÇA,RAFAEL DE CASANOVA,"820550006",Ajuntament de Sant Cugat del Vallès
AVINGUDA,RAGULL,"820550006",Ajuntament de Sant Cugat del Vallès
PASSATGE,RAM,"820550006",Ajuntament de Sant Cugat del Vallès
PASSATGE,RAMIREZ,"820550006",Ajuntament de Sant Cugat del Vallès
PARC,RAMON BARNILS,"820550006",Ajuntament de Sant Cugat del Vallès
CARRER,RAMON BERENGUER I,"820550006",Ajuntament de Sant Cugat del Vallès
CARRER,RAMON CASAS,"820550006",Ajuntament de Sant Cugat del Vallès
AVINGUDA,RAMON ESCAYOLA,"820550006",Ajuntament de Sant Cugat del Vallès
CARRER,RAMON LLULL,"820550006",Ajuntament de Sant Cugat del Vallès
CARRER,RAMON MAS,"820550006",Ajuntament de Sant Cugat del Vallès
CARRER,RAMON MUNTANER,"820550006",Ajuntament de Sant Cugat del Vallès
PASSEIG,RATAPINYADA,"820550006",Ajuntament de Sant Cugat del Vallès
PLAÇA,RECERCA,"820550006",Ajuntament de Sant Cugat del Vallès
PLAÇA,REI,"820550006",Ajuntament de Sant Cugat del Vallès
CARRER,REUS,"820550006",Ajuntament de Sant Cugat del Vallès
RAMBLA,RIBATALLADA,"820550006",Ajuntament de Sant Cugat del Vallès
CARRER,RIERA,"820550006",Ajuntament de Sant Cugat del Vallès
CARRER,RIN,"820550006",Ajuntament de Sant Cugat del Vallès
CARRER,RIPOLLES,"820550006",Ajuntament de Sant Cugat del Vallès
AVINGUDA,RIUS I TAULET,"820550006",Ajuntament de Sant Cugat del Vallès
RAMBLA,RIVERA,"820550006",Ajuntament de Sant Cugat del Vallès
CARRER,ROC CODO,"820550006",Ajuntament de Sant Cugat del Vallès
CARRER,RODA DE TER,"820550006",Ajuntament de Sant Cugat del Vallès
CARRER,ROINE,"820550006",Ajuntament de Sant Cugat del Vallès
PASSEIG,ROMERO DE TORRES,"820550006",Ajuntament de Sant Cugat del Vallès
AVINGUDA,ROQUETES,"820550006",Ajuntament de Sant Cugat del Vallès
CARRER,ROSA MARINE,"820550006",Ajuntament de Sant Cugat del Vallès
CARRER,ROSARI,"820550006",Ajuntament de Sant Cugat del Vallès
CARRER,ROSAS,"820550006",Ajuntament de Sant Cugat del Vallès
PASSEIG,ROSELLA,"820550006",Ajuntament de Sant Cugat del Vallès
PASSEIG,ROSER,"820550006",Ajuntament de Sant Cugat del Vallès
CARRER,ROSERAR,"820550006",Ajuntament de Sant Cugat del Vallès
CARRER,ROSSELLO,"820550006",Ajuntament de Sant Cugat del Vallès
PASSATGE,ROSSELLO,"820550006",Ajuntament de Sant Cugat del Vallès
PASSEIG,ROSSINYOL,"820550006",Ajuntament de Sant Cugat del Vallès
PLAÇA,ROTARY INTERNATIONAL,"820550006",Ajuntament de Sant Cugat del Vallès
PASSATGE,ROURE,"820550006",Ajuntament de Sant Cugat del Vallès
PASSEIG,ROURE,"820550006",Ajuntament de Sant Cugat del Vallès
CARRER,ROVELLAT,"820550006",Ajuntament de Sant Cugat del Vallès
CARRER,ROVIRA I VIRGILI,"820550006",Ajuntament de Sant Cugat del Vallès
CARRETERA,RUBI,"820550006",Ajuntament de Sant Cugat del Vallès
PLAÇA,RUBI,"820550006",Ajuntament de Sant Cugat del Vallès
PASSEIG,RUBI,"820550006",Ajuntament de Sant Cugat del Vallès
CAMI,RUBI A SABADELL,"820550006",Ajuntament de Sant Cugat del Vallès
PLAÇA,RUBIES,"820550006",Ajuntament de Sant Cugat del Vallès
PASSATGE,RUBIES,"820550006",Ajuntament de Sant Cugat del Vallès
CARRER,RUBIO I TUDURI,"820550006",Ajuntament de Sant Cugat del Vallès
CARRER,RUDA,"820550006",Ajuntament de Sant Cugat del Vallès
CARRER,RUSC,"820550006",Ajuntament de Sant Cugat del Vallès
CARRER,SABADELL,"820550006",Ajuntament de Sant Cugat del Vallès
CARRER,SABINA CANYAMERAS,"820550006",Ajuntament de Sant Cugat del Vallès
CARRER,SAFAREIGS,"820550006",Ajuntament de Sant Cugat del Vallès
CARRER,SAFIR,"820550006",Ajuntament de Sant Cugat del Vallès
PASSATGE,SAGUES,"820550006",Ajuntament de Sant Cugat del Vallès
CARRER,SALAMANCA,"820550006",Ajuntament de Sant Cugat del Vallès
CARRER,SALCILLO,"820550006",Ajuntament de Sant Cugat del Vallès
CARRER,SALLES,"820550006",Ajuntament de Sant Cugat del Vallès
PASSATGE,SALUT,"820550006",Ajuntament de Sant Cugat del Vallès
CAMI,SALUT,"820550006",Ajuntament de Sant Cugat del Vallès
CARRER,SALVADOR DALI,"820550006",Ajuntament de Sant Cugat del Vallès
CARRER,SALVADOR ESPRIU,"820550006",Ajuntament de Sant Cugat del Vallès
CARRER,SALVAT-PAPASSEIT,"820550006",Ajuntament de Sant Cugat del Vallès
PASSEIG,SALZE,"820550006",Ajuntament de Sant Cugat del Vallès
CARRER,SANATORI,"820550006",Ajuntament de Sant Cugat del Vallès
PASSATGE,SANATORI DEL FUMET,"820550006",Ajuntament de Sant Cugat del Vallès
CARRER,SANDAL,"820550006",Ajuntament de Sant Cugat del Vallès
CARRER,SANT ADJUTORI,"820550006",Ajuntament de Sant Cugat del Vallès
CARRER,SANT ALBERT,"820550006",Ajuntament de Sant Cugat del Vallès
CARRER,SANT ANTONI,"820550006",Ajuntament de Sant Cugat del Vallès
PASSATGE,SANT ANTONI,"820550006",Ajuntament de Sant Cugat del Vallès
CARRER,SANT BARTOMEU,"820550006",Ajuntament de Sant Cugat del Vallès
CARRER,SANT BONAVENTURA,"820550006",Ajuntament de Sant Cugat del Vallès
CARRER,SANT CASIMIR,"820550006",Ajuntament de Sant Cugat del Vallès
CARRER,SANT CELONI,"820550006",Ajuntament de Sant Cugat del Vallès
CAMI,SANT CRIST,"820550006",Ajuntament de Sant Cugat del Vallès
CARRER,SANT CRIST DE LLACERES,"820550006",Ajuntament de Sant Cugat del Vallès
CARRER,SANT CRISTOFOR,"820550006",Ajuntament de Sant Cugat del Vallès
CARRER,SANT CUGAT,"820550006",Ajuntament de Sant Cugat del Vallès
CAMI,SANT CUGAT A SABADELL,"820550006",Ajuntament de Sant Cugat del Vallès
CAMI,SANT CUGAT AL PAPIOL,"820550006",Ajuntament de Sant Cugat del Vallès
CARRER,SANT DOMENEC,"820550006",Ajuntament de Sant Cugat del Vallès
CARRER,SANT EDUARD,"820550006",Ajuntament de Sant Cugat del Vallès
CARRER,SANT ESTEVE,"820550006",Ajuntament de Sant Cugat del Vallès
CARRER,SANT EUSEBI,"820550006",Ajuntament de Sant Cugat del Vallès
PASSATGE,SANT FELIU,"820550006",Ajuntament de Sant Cugat del Vallès
CARRER,SANT FRANCESC,"820550006",Ajuntament de Sant Cugat del Vallès
PLAÇA,SANT FRANCESC,"820550006",Ajuntament de Sant Cugat del Vallès
CARRER,SANT FRANCESC D'ASSIS,"820550006",Ajuntament de Sant Cugat del Vallès
CARRER,SANT FRANCESC XAVIER,"820550006",Ajuntament de Sant Cugat del Vallès
CARRER,SANT HILARI,"820550006",Ajuntament de Sant Cugat del Vallès
CARRER,SANT IGNASI DE LOIOLA,"820550006",Ajuntament de Sant Cugat del Vallès
CARRER,SANT JAUME,"820550006",Ajuntament de Sant Cugat del Vallès
PLAÇA,SANT JAUME,"820550006",Ajuntament de Sant Cugat del Vallès
PLAÇA,SANT JOAN,"820550006",Ajuntament de Sant Cugat del Vallès
AVINGUDA,SANT JOAN,"820550006",Ajuntament de Sant Cugat del Vallès
CARRER,SANT JOAN DE LA CREU,"820550006",Ajuntament de Sant Cugat del Vallès
PLAÇA,SANT JOAQUIM,"820550006",Ajuntament de Sant Cugat del Vallès
CARRER,SANT JORDI,"820550006",Ajuntament de Sant Cugat del Vallès
AVINGUDA,SANT JOSEP,"820550006",Ajuntament de Sant Cugat del Vallès
CARRER,SANT JOSEP,"820550006",Ajuntament de Sant Cugat del Vallès
CARRER,SANT JOSEP ORIOL,"820550006",Ajuntament de Sant Cugat del Vallès
CARRER,SANT JULI,"820550006",Ajuntament de Sant Cugat del Vallès
PASSATGE,SANT JULIA,"820550006",Ajuntament de Sant Cugat del Vallès
CARRER,SANT LLORENÇ,"820550006",Ajuntament de Sant Cugat del Vallès
CARRER,SANT LLUIS,"820550006",Ajuntament de Sant Cugat del Vallès
PASSEIG,SANT MAGI,"820550006",Ajuntament de Sant Cugat del Vallès
PASSATGE,SANT MAMET,"820550006",Ajuntament de Sant Cugat del Vallès
CARRER,SANT MARTI,"820550006",Ajuntament de Sant Cugat del Vallès
CAMI,SANT MEDIR,"820550006",Ajuntament de Sant Cugat del Vallès
CARRER,SANT MEDIR,"820550006",Ajuntament de Sant Cugat del Vallès
CARRER,SANT PAU,"820550006",Ajuntament de Sant Cugat del Vallès
PASSATGE,SANT PAU,"820550006",Ajuntament de Sant Cugat del Vallès
CARRER,SANT PERE,"820550006",Ajuntament de Sant Cugat del Vallès
PLAÇA,SANT PERE,"820550006",Ajuntament de Sant Cugat del Vallès
CARRER,SANT PONÇ,"820550006",Ajuntament de Sant Cugat del Vallès
CARRER,SANT QUIRZE,"820550006",Ajuntament de Sant Cugat del Vallès
CARRER,SANT RAFAEL,"820550006",Ajuntament de Sant Cugat del Vallès
CARRER,SANT RAMON,"820550006",Ajuntament de Sant Cugat del Vallès
PASSATGE,SANT SALVADOR,"820550006",Ajuntament de Sant Cugat del Vallès
CARRER,SANT SALVADOR,"820550006",Ajuntament de Sant Cugat del Vallès
CARRER,SANT SEBASTIA,"820550006",Ajuntament de Sant Cugat del Vallès
BAIXADA,SANT SEVER,"820550006",Ajuntament de Sant Cugat del Vallès
PASSATGE,SANT TIMOTEU,"820550006",Ajuntament de Sant Cugat del Vallès
CARRER,SANT TOMAS,"820550006",Ajuntament de Sant Cugat del Vallès
PASSATGE,SANT VICENÇ DEL BOSC,"820550006",Ajuntament de Sant Cugat del Vallès
CARRER,SANTA ANNA,"820550006",Ajuntament de Sant Cugat del Vallès
CARRETERA,SANTA CREU D'OLORDA,"820550006",Ajuntament de Sant Cugat del Vallès
CARRER,SANTA ENGRACIA,"820550006",Ajuntament de Sant Cugat del Vallès
CARRER,SANTA EULALIA,"820550006",Ajuntament de Sant Cugat del Vallès
CARRER,SANTA GEMMA,"820550006",Ajuntament de Sant Cugat del Vallès
CARRER,SANTA ISABEL,"820550006",Ajuntament de Sant Cugat del Vallès
CARRER,SANTA JOAQUIMA,"820550006",Ajuntament de Sant Cugat del Vallès
CARRER,SANTA MARIA,"820550006",Ajuntament de Sant Cugat del Vallès
CARRER,SANTA RITA,"820550006",Ajuntament de Sant Cugat del Vallès
CARRER,SANTA ROSA,"820550006",Ajuntament de Sant Cugat del Vallès
CARRER,SANTA TERESA,"820550006",Ajuntament de Sant Cugat del Vallès
CARRER,SANTANDER,"820550006",Ajuntament de Sant Cugat del Vallès
JARDINS,SANTCU,"820550006",Ajuntament de Sant Cugat del Vallès
CARRER,SANTIAGO RUSIÑOL,"820550006",Ajuntament de Sant Cugat del Vallès
CARRER,SANTJOANISTES,"820550006",Ajuntament de Sant Cugat del Vallès
CARRER,SARAGOSSA,"820550006",Ajuntament de Sant Cugat del Vallès
CARRER,SARDANES,"820550006",Ajuntament de Sant Cugat del Vallès
CARRER,SARDENYA,"820550006",Ajuntament de Sant Cugat del Vallès
CARRER,SARRIA,"820550006",Ajuntament de Sant Cugat del Vallès
CARRER,SAÜC,"820550006",Ajuntament de Sant Cugat del Vallès
CARRER,SEBASTIA ALTET,"820550006",Ajuntament de Sant Cugat del Vallès
PLAÇA,SEGA,"820550006",Ajuntament de Sant Cugat del Vallès
PASSATGE,SEGALA,"820550006",Ajuntament de Sant Cugat del Vallès
CARRER,SEGARRA,"820550006",Ajuntament de Sant Cugat del Vallès
CARRER,SEGRE,"820550006",Ajuntament de Sant Cugat del Vallès
CARRER,SEGRIA,"820550006",Ajuntament de Sant Cugat del Vallès
PASSEIG,SELVA,"820550006",Ajuntament de Sant Cugat del Vallès
PLAÇA,SEMBRA,"820550006",Ajuntament de Sant Cugat del Vallès
CARRER,SENA,"820550006",Ajuntament de Sant Cugat del Vallès
CARRER,SENGLAR,"820550006",Ajuntament de Sant Cugat del Vallès
PAS,SENYERA,"820550006",Ajuntament de Sant Cugat del Vallès
CARRER,SERPENTINA,"820550006",Ajuntament de Sant Cugat del Vallès
CAMI,SERRA D'EN JULIA,"820550006",Ajuntament de Sant Cugat del Vallès
CAMI,SERRETA,"820550006",Ajuntament de Sant Cugat del Vallès
PASSEIG,SEVILLA,"820550006",Ajuntament de Sant Cugat del Vallès
CARRER,SICILIA,"820550006",Ajuntament de Sant Cugat del Vallès
PASSEIG,SOL,"820550006",Ajuntament de Sant Cugat del Vallès
CARRER,SOL,"820550006",Ajuntament de Sant Cugat del Vallès
AVINGUDA,SOL I AIRE,"820550006",Ajuntament de Sant Cugat del Vallès
CARRER,SOLA,"820550006",Ajuntament de Sant Cugat del Vallès
CARRER,SOLEDAT,"820550006",Ajuntament de Sant Cugat del Vallès
CARRER,SOLSONA,"820550006",Ajuntament de Sant Cugat del Vallès
CARRER,SORIA,"820550006",Ajuntament de Sant Cugat del Vallès
CARRER,SORT,"820550006",Ajuntament de Sant Cugat del Vallès
CARRER,STRAUSS,"820550006",Ajuntament de Sant Cugat del Vallès
CARRER,TAMESI,"820550006",Ajuntament de Sant Cugat del Vallès
CARRER,TANGER,"820550006",Ajuntament de Sant Cugat del Vallès
CARRER,TARRAGONA,"820550006",Ajuntament de Sant Cugat del Vallès
CARRER,TARREGA,"820550006",Ajuntament de Sant Cugat del Vallès
AVINGUDA,TARRUELL,"820550006",Ajuntament de Sant Cugat del Vallès
CARRER,TEATRE,"820550006",Ajuntament de Sant Cugat del Vallès
CARRER,TEIXO,"820550006",Ajuntament de Sant Cugat del Vallès
CARRER,TENERIFE,"820550006",Ajuntament de Sant Cugat del Vallès
CARRER,TER,"820550006",Ajuntament de Sant Cugat del Vallès
JARDINS,TERE MAJEM,"820550006",Ajuntament de Sant Cugat del Vallès
CARRER,TEROL,"820550006",Ajuntament de Sant Cugat del Vallès
CAMI,TERRASSA,"820550006",Ajuntament de Sant Cugat del Vallès
CARRER,TERRISSERS,"820550006",Ajuntament de Sant Cugat del Vallès
CARRER,TETUAN,"820550006",Ajuntament de Sant Cugat del Vallès
CARRER,TIBER,"820550006",Ajuntament de Sant Cugat del Vallès
CARRER,TIBIDABO,"820550006",Ajuntament de Sant Cugat del Vallès
CARRER,TIGRE,"820550006",Ajuntament de Sant Cugat del Vallès
PASSEIG,TIL.LERS,"820550006",Ajuntament de Sant Cugat del Vallès
CARRER,TOLEDO,"820550006",Ajuntament de Sant Cugat del Vallès
PLAÇA,TOMAS AYMAT,"820550006",Ajuntament de Sant Cugat del Vallès
CARRER,TOPAZI,"820550006",Ajuntament de Sant Cugat del Vallès
CARRER,TORD,"820550006",Ajuntament de Sant Cugat del Vallès
CARRER,TORRE,"820550006",Ajuntament de Sant Cugat del Vallès
AVINGUDA,TORRE BLANCA,"820550006",Ajuntament de Sant Cugat del Vallès
PASSEIG,TORRE BLANCA,"820550006",Ajuntament de Sant Cugat del Vallès
CAMI,TORRE NEGRA,"820550006",Ajuntament de Sant Cugat del Vallès
CARRER,TORRENT,"820550006",Ajuntament de Sant Cugat del Vallès
PASSEIG,TORRENT,"820550006",Ajuntament de Sant Cugat del Vallès
CARRER,TORRENT D'ALERAN,"820550006",Ajuntament de Sant Cugat del Vallès
RAMBLA,TORRENT D'EN XANDRI,"820550006",Ajuntament de Sant Cugat del Vallès
CARRER,TORRENT D'EN XEP,"820550006",Ajuntament de Sant Cugat del Vallès
PARC,TORRENT DE FERRUSSONS,"820550006",Ajuntament de Sant Cugat del Vallès
CARRER,TORRENT DE FERRUSSONS,"820550006",Ajuntament de Sant Cugat del Vallès
CARRER,TORRENT DE LA BOMBA,"820550006",Ajuntament de Sant Cugat del Vallès
CARRER,TORTORA,"820550006",Ajuntament de Sant Cugat del Vallès
PASSEIG,TOSSAL,"820550006",Ajuntament de Sant Cugat del Vallès
PLAÇA,TRAGINERS,"820550006",Ajuntament de Sant Cugat del Vallès
PLAÇA,TRANSVAAL,"820550006",Ajuntament de Sant Cugat del Vallès
CARRER,TRES PLACES,"820550006",Ajuntament de Sant Cugat del Vallès
PLAÇA,TRES POUS,"820550006",Ajuntament de Sant Cugat del Vallès
CARRER,TRES TORRES,"820550006",Ajuntament de Sant Cugat del Vallès
CARRER,TROANES,"820550006",Ajuntament de Sant Cugat del Vallès
CARRER,TROBADOR,"820550006",Ajuntament de Sant Cugat del Vallès
PASSEIG,TULIPA,"820550006",Ajuntament de Sant Cugat del Vallès
CARRER,TUNEL DE CAN BELLET,"820550006",Ajuntament de Sant Cugat del Vallès
CARRER,TURO,"820550006",Ajuntament de Sant Cugat del Vallès
PARC,TURO DE CAN MATES,"820550006",Ajuntament de Sant Cugat del Vallès
CARRER,TURO DEL FUMET,"820550006",Ajuntament de Sant Cugat del Vallès
CARRER,TURO DEL PINYER,"820550006",Ajuntament de Sant Cugat del Vallès
CAMI,TURO DEL PUIG,"820550006",Ajuntament de Sant Cugat del Vallès
CARRER,TURO DEL SOL,"820550006",Ajuntament de Sant Cugat del Vallès
PLAÇA,U D'OCTUBRE DE 2017,"820550006",Ajuntament de Sant Cugat del Vallès
CARRER,URALS,"820550006",Ajuntament de Sant Cugat del Vallès
CARRER,URUGUAI,"820550006",Ajuntament de Sant Cugat del Vallès
PASSEIG,VALL,"820550006",Ajuntament de Sant Cugat del Vallès
AVINGUDA,VALL D'OR,"820550006",Ajuntament de Sant Cugat del Vallès
PASSATGE,VALL D'OR,"820550006",Ajuntament de Sant Cugat del Vallès
PASSEIG,VALL DE GAUSAC,"820550006",Ajuntament de Sant Cugat del Vallès
CARRER,VALLADOLID,"820550006",Ajuntament de Sant Cugat del Vallès
CARRER,VALLCARCA,"820550006",Ajuntament de Sant Cugat del Vallès
CARRER,VALLDAURA,"820550006",Ajuntament de Sant Cugat del Vallès
PASSEIG,VALLDOREIX,"820550006",Ajuntament de Sant Cugat del Vallès
CARRER,VALLDOREIX,"820550006",Ajuntament de Sant Cugat del Vallès
JARDINS,VALLES,"820550006",Ajuntament de Sant Cugat del Vallès
CARRER,VALLES,"820550006",Ajuntament de Sant Cugat del Vallès
CARRER,VALLESPIR,"820550006",Ajuntament de Sant Cugat del Vallès
CARRER,VALLSECA,"820550006",Ajuntament de Sant Cugat del Vallès
CARRER,VALLVIDRERA,"820550006",Ajuntament de Sant Cugat del Vallès
DRECERA,VALLVIDRERA,"820550006",Ajuntament de Sant Cugat del Vallès
CARRETERA,VALLVIDRERA,"820550006",Ajuntament de Sant Cugat del Vallès
CARRETERA,VALLVIDRERA A SANT CUGAT,"820550006",Ajuntament de Sant Cugat del Vallès
CARRER,VALPARAISO,"820550006",Ajuntament de Sant Cugat del Vallès
CAMI,VELL DE SABADELL,"820550006",Ajuntament de Sant Cugat del Vallès
CARRER,VENEÇUELA,"820550006",Ajuntament de Sant Cugat del Vallès
CARRER,VENTURA GASSOL,"820550006",Ajuntament de Sant Cugat del Vallès
PASSATGE,VERDAGUER,"820550006",Ajuntament de Sant Cugat del Vallès
CARRER,VERDAGUER,"820550006",Ajuntament de Sant Cugat del Vallès
CARRER,VERDI,"820550006",Ajuntament de Sant Cugat del Vallès
PASSEIG,VERDUM,"820550006",Ajuntament de Sant Cugat del Vallès
PLAÇA,VEREMA,"820550006",Ajuntament de Sant Cugat del Vallès
AVINGUDA,VERGE DE MONTSERRAT,"820550006",Ajuntament de Sant Cugat del Vallès
CARRER,VERONICA,"820550006",Ajuntament de Sant Cugat del Vallès
PASSATGE,VERONICA,"820550006",Ajuntament de Sant Cugat del Vallès
PLAÇA,VI,"820550006",Ajuntament de Sant Cugat del Vallès
AVINGUDA,VIA AUGUSTA,"820550006",Ajuntament de Sant Cugat del Vallès
CARRER,VIC,"820550006",Ajuntament de Sant Cugat del Vallès
CARRER,VICENS I VIVES,"820550006",Ajuntament de Sant Cugat del Vallès
CARRER,VICENTA MORENO,"820550006",Ajuntament de Sant Cugat del Vallès
PLAÇA,VICTOR BALAGUER,"820550006",Ajuntament de Sant Cugat del Vallès
CARRER,VICTOR CATALA,"820550006",Ajuntament de Sant Cugat del Vallès
CARRER,VICTOR HUGO,"820550006",Ajuntament de Sant Cugat del Vallès
PLAÇA,VICTORIA DELS ANGELS,"820550006",Ajuntament de Sant Cugat del Vallès
CARRER,VIGO,"820550006",Ajuntament de Sant Cugat del Vallès
PLAÇA,VILA,"820550006",Ajuntament de Sant Cugat del Vallès
CARRER,VILAFRANCA,"820550006",Ajuntament de Sant Cugat del Vallès
CARRER,VILASECA,"820550006",Ajuntament de Sant Cugat del Vallès
CARRER,VILLA,"820550006",Ajuntament de Sant Cugat del Vallès
AVINGUDA,VILLADELPRAT,"820550006",Ajuntament de Sant Cugat del Vallès
CARRER,VIMETERA,"820550006",Ajuntament de Sant Cugat del Vallès
PLAÇA,VINYA,"820550006",Ajuntament de Sant Cugat del Vallès
CARRER,VIÑOLAS,"820550006",Ajuntament de Sant Cugat del Vallès
CARRER,VIOLETES,"820550006",Ajuntament de Sant Cugat del Vallès
CARRER,VISTA ALEGRE,"820550006",Ajuntament de Sant Cugat del Vallès
CARRER,VISTA RICA,"820550006",Ajuntament de Sant Cugat del Vallès
CARRER,VITORIA,"820550006",Ajuntament de Sant Cugat del Vallès
CARRER,VOLCA,"820550006",Ajuntament de Sant Cugat del Vallès
PASSEIG,VOLTOR,"820550006",Ajuntament de Sant Cugat del Vallès
PASSATGE,XALET DE JOSEPA NEGRE,"820550006",Ajuntament de Sant Cugat del Vallès
PASSEIG,XAVIER AZQUETA,"820550006",Ajuntament de Sant Cugat del Vallès
PLAÇA,XAVIER CUGAT,"820550006",Ajuntament de Sant Cugat del Vallès
CARRER,XERRIC,"820550006",Ajuntament de Sant Cugat del Vallès
PLAÇA,XIC,"820550006",Ajuntament de Sant Cugat del Vallès
PASSEIG,XIPRER,"820550006",Ajuntament de Sant Cugat del Vallès
CARRER,XORIGUER,"820550006",Ajuntament de Sant Cugat del Vallès
